LSOA21CD,MSOA21CD,log_voa_rv_2023,rv_per_working_age,sme_density,qualification_index,firm_size_diversity,rv_per_employee,sme_qual_interaction,employment_quality,modern_sector_leverage,asset_growth_diversity,log_total_GVA_2023,is_swindon
E01015471,E02006849,11.833714368540948,90.67135618421052,127.41652021089632,19.683655536028123,0.8961111111111111,2579.5266875230677,2508.0228934306488,0.021089630999999998,9.02167545401289,8.157646108300952,2.7765807435093186,Swindon
E01015473,E02003219,16.268274056597637,8704.430254681649,408.8194763435921,13.321084060633895,0.9216639313218028,1848.7356721701842,5445.91860999732,1.3242133670188334,5.398086351367983,2.7482907034227164,6.207099982931871,Swindon
E01015475,E02003226,14.70764454868331,1371.742970207982,170.40898155573376,-0.12028868923817093,0.9058956916099772,1954.9269097777108,-20.498273025750862,0.11694734028334665,-0.03492252268204963,11.903836124932717,4.612086215029821,Swindon
E01015477,E02003226,13.53689131440145,587.1427583397983,234.93642896627972,3.593145384190162,0.9058956916099772,4248.534256952898,844.1607453183079,0.1381978993919292,1.0431712405713374,14.288139966478166,3.035241406648704,Swindon
E01015478,E02003232,14.753777684945355,2255.5588146513683,205.90043023970497,11.370620774431474,0.9048442906574394,8155.068718091049,2341.215709547968,0.13829133374308544,4.625337264175515,4.415879695029412,5.274070779473495,Swindon
E01015479,E02003228,15.175216106792922,2275.143242990654,100.96930533117933,8.844911147011304,0.912,2503.6659869190557,893.064534229736,0.7269789983844911,3.235943102565111,-22.125664318080002,4.859223083459394,Swindon
E01015480,E02003226,14.531360109457898,905.2756911504424,141.8084751418085,-5.138471805138474,0.9058956916099772,12058.111604135436,-728.6788512458631,0.060060060000000005,-1.4918143950402023,9.711791915393624,2.6520440643124705,Swindon
E01015481,E02003224,13.226807918525536,488.1670306068601,97.36540664375715,7.101947312943873,0.8494809688581314,2841.115582839234,691.4839880873186,0.0859106529209622,1.8938526167850323,13.21572976510556,2.8244100022184053,Swindon
E01015482,E02003224,11.096896852541963,83.60600705956908,133.75295043273013,2.911093627065304,0.8494809688581314,253.00693666879954,389.36736160590215,0.016522423288749016,0.7762916338840808,15.207011303397877,4.36655760376995,Swindon
E01015483,E02003224,11.982625538147483,204.01841632653063,124.35991221653255,-0.658376005852233,0.8494809688581314,3718.5079027022607,-81.87558229325502,0.0274323335,-0.17556693489392877,14.852631883077658,2.110213200346589,Swindon
E01015484,E02003224,12.74035301594897,406.24165571428574,116.27906976744187,-1.6415868673050618,0.8494809688581314,5939.166158947599,-190.88219387268163,0.068399453,-0.43775649794801635,-10.0550634467128,4.36655760376995,Swindon
E01015485,E02003224,13.590347208294045,711.5836737994453,128.8855193328279,8.112206218347236,0.8494809688581314,3133.519388429997,1045.5459113866793,0.015163002274450332,2.1632549915592625,7.987196902711418,2.4238288002794097,Swindon
E01015486,E02003224,11.843523360672156,164.90403210900473,115.64625850340136,2.448979592585033,0.8494809688581314,2424.053634293054,283.2153270336433,0.068027211,0.653061224689342,7.988748245836427,2.567714760975316,Swindon
E01015487,E02003234,11.148958219140242,75.2060558116883,163.55140186915887,3.271028037383175,0.9072,1609.375152454367,534.9812210673417,0.018691588800000002,1.1812045690550355,8.091724926014361,2.184589534756338,Swindon
E01015488,E02003234,12.662481196251559,349.58805481727575,163.77005347593584,-3.1417112299465195,0.9072,222.5461264160168,-514.5182161342897,0.5385790679908325,-1.1345068330362431,-2.5568947682208,4.070034793004519,Swindon
E01015489,E02003234,12.667808068420221,379.62210765550236,168.6166551961459,9.359944941500347,0.9072,2206.350866382544,1578.2426088558739,0.258086717136958,3.379980117764014,-3.4095856290048,2.802632843588158,Swindon
E01015490,E02003234,13.590347208294045,711.5836737994453,196.31410256410257,7.371794871794876,0.9072,3133.519388429997,1447.1872945430646,0.04507211538461537,2.6620370370370385,7.987196902711418,1.812542008410584,Swindon
E01015491,E02003234,14.561379968172327,2382.2289186440676,176.51296829971182,-4.106628242074928,0.9072,1537.921676484967,-724.873140712073,0.3540551667352819,-1.482949087415946,-7.2417638378736,5.167570664499794,Swindon
E01015492,E02003234,14.772218549920751,2915.0189070548713,180.1470588235294,-3.0882352941176485,0.9072,3523.929707600198,-556.3365051903116,0.20680147058823528,-1.115196078431373,7.2755397092970995,4.416379751045544,Swindon
E01015493,E02003228,13.358090017988124,407.5422526722473,111.95700850873264,10.47917599641737,0.912,466.6875938993492,1173.2171961954064,0.2619793999104344,3.8338448767380613,-3.9253839162719997,4.324463727272736,Swindon
E01015494,E02003230,16.042667570105944,4690.674365705615,253.04414003044138,9.322678843668188,0.8989349112426035,10272.554354242335,2359.0492507760064,0.456621005,2.7769681661990346,-9.848160027947928,3.846267744362679,Swindon
E01015496,E02003230,14.048955717832357,822.2282330729167,325.3424657534247,15.94911937377691,0.8989349112426035,2318.1100278402,5188.925823660296,0.15961350293542076,4.750801515593122,10.717441033742048,3.098063204651453,Swindon
E01015497,E02003230,13.544790923155093,627.8430761316872,387.30343622597553,16.482236458940015,0.8989349112426035,4791.10371285792,6383.626817236523,0.06552125800815375,4.909602349471494,12.436981698564887,2.539236994333048,Swindon
E01015498,E02003232,11.553879701626107,83.01150820717132,190.2328222600795,18.114707552526973,0.9048442906574394,2436.3162599982493,3446.0119421331833,0.0170357751277683,7.368694597638091,-25.02422220434256,2.2979744804363627,Swindon
E01015499,E02003229,10.348950644721173,35.28052009039548,91.64222873900293,18.035190615835774,0.8854166666666667,192.4894673906637,1652.7850637679412,0.12218963831867054,6.273109779421137,16.737207375368143,3.018667244836487,Swindon
E01015500,E02003229,13.590347208294045,711.5836737994453,88.2768361581921,6.779661016949156,0.8854166666666667,3133.519388429997,598.4870248013026,0.0105932205,2.358142962417097,7.987196902711418,2.02762179295004,Swindon
E01015501,E02003233,14.65969623309441,2762.5675249406177,268.9756816507001,9.506263817243918,0.9290123456790124,1629.9138780657765,2556.953790194569,0.2542372881355932,2.816670760664864,1.2608586847335124,6.019570838655752,Swindon
E01015502,E02003233,10.403061157504673,32.795391323383086,232.92916400765796,0.7657945118059981,0.9290123456790124,1712.9231167789658,178.3758754366237,0.0095724315,0.2269020775721476,12.143075192133198,2.0090190773832903,Swindon
E01015503,E02003233,14.858038029810274,3364.621381969158,281.4186584425598,-5.5512721665381655,0.9290123456790124,928.4920698212305,-1562.2315657566928,0.6341557440246722,-1.644821382677975,-4.019679633126543,8.135360719687952,Swindon
E01015504,E02003229,11.969181479823735,177.12057508417507,99.60159362549801,20.239043824701195,0.8854166666666667,1778.2727133007706,2015.8410183965334,0.06640106266666666,7.0396674172873706,16.378755217622622,3.018667244836487,Swindon
E01015505,E02003229,10.402977841858117,31.3573951284491,87.22958827634334,7.885554780181435,0.8854166666666667,898.6771882931355,687.8536968057776,0.008722958827634325,2.742801662671803,13.42715362055155,2.08281085914944,Swindon
E01015506,E02003218,13.930066744048132,1129.2796022155085,83.500334001336,-10.153640614562462,0.8582230623818525,8452.59455491284,-847.8323826454962,0.1336005344021376,-1.9340267837261826,13.437670382662274,2.800143089759132,Swindon
E01015507,E02003218,10.401743891164084,31.0821334088763,76.21951219512195,-11.036585365853663,0.8582230623818525,1699.063744200561,-841.2031528851877,0.0036585365853658404,-2.102206736353078,12.421973164666822,1.9714386491281808,Swindon
E01015508,E02003221,10.355369893542676,30.838411462217863,292.7781392322707,-10.474951203643462,0.918646694,412.15656477630483,-3066.836721951567,0.039904576,-2.0324532186173876,16.280456194816523,2.0286744246261827,Swindon
E01015509,E02003221,16.324022768740477,9258.956691785983,236.84210526315792,1.2631578947368407,0.918646694,3998.184117691714,299.16897506925176,0.5954887218045113,0.24509033778476008,4.466340977341604,6.561576485792391,Swindon
E01015510,E02003221,15.39510574892958,3075.4055,199.64507542147294,-3.1055900621117996,0.918646694,8155.23013542503,-620.0157621784871,0.5387248066928634,-0.6025771762306475,7.489132239865013,3.66047997959224,Swindon
E01015511,E02003221,12.705692820495898,247.46098558558558,233.6448598130841,-1.66147455867082,0.918646694,5016.844162260012,-388.1949903436495,0.0443925234,-0.3223756606376217,13.84532851667759,2.3192455338871527,Swindon
E01015512,E02006849,11.852346016037854,122.73808837412587,175.33252720677146,21.76541717049577,0.8961111111111111,1624.0488997191858,3816.1855982126804,0.05038291,9.975816203143895,8.751820394222221,2.4970822257181338,Swindon
E01015513,E02003215,12.275038027239285,200.63560271535582,90.3010033444816,10.367892976588633,0.8834019204389575,3999.256635342638,936.2311383541575,0.043896321,3.155445688526975,-26.084440733497942,2.204531152518657,Swindon
E01015514,E02003215,12.928522018711202,639.5858546583851,111.5702479338843,-1.3223140495867778,0.8834019204389575,8146.20025494993,-147.5309063588554,0.0706611573,-0.4024434063959758,1.205809799593305,2.033790196260747,Swindon
E01015515,E02003215,11.09552358477576,73.52077295758929,93.94572025052192,10.299234516353517,0.8834019204389575,7042.615366784918,967.5690046678668,0.00521920668058455,3.1345496354119393,13.495251635612943,1.8330613485851608,Swindon
E01015516,E02003215,12.721663988594536,483.29682222222226,103.92609699769054,-1.6936104695919916,0.8834019204389575,1195.8114642049045,-176.01032593912154,0.5388760585065434,-0.5154466646584321,2.30089783760329,3.27143032360309,Swindon
E01015517,E02003215,11.069217557886809,87.53653693042291,101.73323285606632,-5.275056518462698,0.8834019204389575,1787.055585906289,-536.6485531216762,0.05714644561667919,-1.6054519838799512,16.91687290719459,2.106326870461218,Swindon
E01015518,E02006849,10.575290616455437,37.57608664107485,199.44979367262724,16.574965612104542,0.8961111111111111,607.0527480158584,3305.8734714651423,0.0495185694635488,7.596859238881248,-4.606116139813889,2.252238718557307,Swindon
E01015519,E02003212,13.589928459308833,923.6696050925925,204.21607378129116,1.3175230523451908,0.9120685311161502,9347.441830981259,269.0593848662774,0.098814229,0.4879715008685891,-17.862374626555805,2.8408896877483216,Swindon
E01015520,E02003212,15.011893763308514,4301.858817945384,236.28048780487805,17.530487804878046,0.9120685311161502,9406.71071256648,4142.11220999405,0.4573170731707317,6.492773261065942,8.695654764190781,3.874985507325583,Swindon
E01015521,E02003212,14.573606192971399,2358.239819889503,200.38784744667097,12.92824822236587,0.9120685311161502,9728.485203739872,2590.6638325361473,0.06060116354234,4.788240082357729,-6.636029185487528,4.555486122409602,Swindon
E01015522,E02003212,11.500840493477014,122.27447506188119,236.64122137404578,10.458015267175572,0.9120685311161502,4576.38763609319,2474.797505972845,0.03562340966921106,3.8733389878428035,14.67873488873822,2.0563008492381933,Swindon
E01015523,E02003212,14.29094910127184,1758.1623344262296,187.53781004234725,17.967332123411985,0.9120685311161502,10568.090435465705,3369.5541187282006,0.06238656987295822,6.654567453115549,7.4851981735701685,3.094943923624939,Swindon
E01015524,E02003212,13.590347208294045,711.5836737994453,280.0361336946703,1.1743450767840997,0.9120685311161502,3133.519388429997,328.85905492599,0.009033424,0.43494262103114795,7.987196902711418,1.7879187698421173,Swindon
E01015525,E02006847,11.516260615168708,97.9815154296875,146.57980456026058,14.592833876221498,0.8730864197530864,3759.896368591114,2139.014737556897,0.008686210640608032,6.633106307373407,10.12640726659839,2.131322163556825,Swindon
E01015526,E02003217,11.880045148907922,136.70082206439395,96.52509652509652,7.979407979407975,0.8666666666666667,3034.6908827266398,770.2131254254801,0.018018018,1.9948519948519938,-17.601125169333333,2.3102555992982654,Swindon
E01015527,E02003218,11.100801363445985,61.147930350877196,71.51029748283753,-6.578947368421051,0.8582230623818525,285.02955739111206,-470.4624834397205,0.05363272311212815,-1.2531328320801998,11.210601452053492,3.370119426091294,Swindon
E01015528,E02003217,12.339842405367975,163.18695146324055,68.36827711941659,-1.276207839562442,0.8666666666666667,4773.62264243031,-87.25213123717698,0.0170920692798541,-0.3190519598906105,13.456185880255399,2.337855707075965,Swindon
E01015529,E02003217,13.952897857889074,1056.4193379373849,86.80555555555556,-3.2986111111111125,0.8666666666666667,7301.919992952214,-286.3377700617285,0.21701388888888884,-0.8246527777777781,13.901330485026731,2.740065530534221,Swindon
E01015530,E02003217,13.09808642897364,355.9494407002188,68.64988558352402,-3.5697940503432513,0.8666666666666667,2222.1276359459825,-245.065953112809,0.120137299771167,-0.8924485125858128,13.88866241529991,3.0792458737818085,Swindon
E01015532,E02003232,14.904733514826486,2533.6426521739127,197.75678866587958,24.91145218417946,0.9048442906574394,7464.309579551619,4926.4087849469415,0.2182071175577669,10.133472074920459,3.0061864704877292,3.26472834505029,Swindon
E01015533,E02003235,12.850456786065324,432.41965278093073,290.8496732026144,20.653594771241828,0.9056937255397046,5292.751793008694,6007.0912896749105,0.05446623066666667,8.261437908496731,-18.66326957456382,2.4986451758985138,Swindon
E01015534,E02003235,15.746889153862565,4532.8604743758215,191.23334765792868,20.627417275461966,0.9056937255397046,8789.95489137292,3944.650059123582,0.3683467370618209,8.250966910184786,8.579311091944472,4.415400964058979,Swindon
E01015535,E02003235,13.286831408928043,430.8347535087719,197.2517730496454,20.035460992907794,0.9056937255397046,2777.0198255973223,3952.030204718071,0.08618991331757289,8.014184397163119,9.337311484919269,5.873736197456291,Swindon
E01015537,E02003231,11.070408489752943,52.441423322448976,62.432138979370244,-6.731813246471232,0.875,482.9810605441876,-420.28150018685756,0.06514657980456023,-1.602812677731245,13.776870812379787,2.9120788885567377,Swindon
E01015538,E02003231,12.352500015807575,188.24160081300812,60.65400843881857,-8.491561181434603,0.875,5098.5201501290185,-515.0472235574787,0.02768987325,-2.0218002812939524,-2.509536383375,2.479223866652502,Swindon
E01015539,E02003231,11.143692969268345,61.88493068039391,68.16834617664493,-8.891523414344991,0.875,6959.20951572393,-606.1204461468133,0.0044457615,-2.117029384367854,10.201230998209434,1.9686496360248027,Swindon
E01015540,E02003231,12.528905076498681,214.44548338509315,61.333333333333336,-8.799999999999999,0.875,4232.39311168385,-539.7333333333332,0.056296296296296226,-2.095238095238094,-15.61692993,2.6688241546013733,Swindon
E01015541,E02003231,13.606820626518683,672.4489335542668,60.75013206550449,-9.87849973586899,0.875,4628.862068299391,-600.1201635630923,0.08301260282242845,-2.352023746635473,-1.86201141525,2.766507770673779,Swindon
E01015542,E02003231,11.573354294444123,105.80497918326694,72.32704402515724,-8.176100628930818,0.875,3738.3104834240735,-591.353190142795,0.008086253428571428,-1.9466906259359085,7.52325840525,1.8503427933269525,Swindon
E01015543,E02003214,11.75228150556401,132.75034284221525,52.459016393442624,-6.295081967213115,0.8533333333333333,1012.2136460428405,-330.2338081160978,0.0786885245901639,-1.5737704918032787,14.389317598908267,2.6393430030924194,Swindon
E01015544,E02003214,12.711868237269416,296.6546205724508,44.370493621741545,-10.593455352055463,0.8533333333333333,35653.597919305845,-470.03684313058073,0.004159734,-2.6483638380138657,12.498812815229599,2.0483377966285023,Swindon
E01015545,E02003214,12.585646795109865,273.2069172897196,45.01969611705121,-7.653348339898706,0.8533333333333333,13870.401266308047,-344.5514165401781,0.014772087788407426,-1.9133370849746765,13.29293221130482,2.1229798436943192,Swindon
E01015546,E02003214,11.98402733717633,138.79966672443675,42.89544235924933,-11.528150133796247,0.8533333333333333,17255.280771869446,-494.5050995730294,0.0040214475,-2.8820375334490618,13.995620436282803,2.057962510002712,Swindon
E01015547,E02003219,13.982324987527836,942.212110845295,444.3334997503744,25.31203195207189,0.9216639313218028,235.9062981878513,11246.983743057404,2.396405391912132,10.257163274695797,5.884393291072439,5.758930164641452,Swindon
E01015548,E02003219,14.328582881608934,1678.8084180904523,563.6478784040532,29.76567447751742,0.9216639313218028,7068.872881105453,16777.35926851837,0.1583280557314756,12.0619073046149,0.4958094309252104,5.758930164641452,Swindon
E01015549,E02003220,15.151673925542157,3065.607019339243,232.5581395348837,2.7906976744186043,0.9091358024691358,3389.681727649881,648.9994591671173,0.3617571059431525,0.8746962860118013,2.1454931358881697,6.128614385255216,Swindon
E01015550,E02003220,14.22375199317389,1094.7374650655022,200.62416406598308,0.044583147570220305,0.9091358024691358,3637.7599624390023,8.944456712705813,0.10532768613464108,0.013973822372755617,12.561250267943404,3.886787245359885,Swindon
E01015551,E02003220,12.655312762277372,314.36627963891675,273.5562310030395,3.221884498480243,0.9091358024691358,795.5864942557462,881.3665801313734,0.24696048632218845,1.0098443950460463,-2.5653785854701234,6.128614385255216,Swindon
E01015552,E02003220,15.18110454892242,2581.059714756258,193.71502367628068,7.748600947051223,0.9091358024691358,2447.2636866878543,1501.0204159160785,0.23730090400344386,2.4286659684787413,6.796575525309482,5.225268064574461,Swindon
E01015553,E02003220,12.687436285449568,331.27423725690886,307.1672354948805,12.28668941979522,0.9091358024691358,2773.21539897607,3774.0684224626953,0.04778156996587028,3.8510519076970087,14.477818392911894,2.4840729690394228,Swindon
E01015554,E02003220,12.562058189937648,349.46925618115057,328.4671532846715,3.7226277372262775,0.9091358024691358,3191.7900547720087,1222.7609355852735,0.1094890510948905,1.1667937683843554,-18.010315936217285,2.5073202446249003,Swindon
E01015555,E02003216,12.906276241924429,467.32198190255224,167.92323509252913,-5.003427004797807,0.895427795,3896.097641082091,-840.191649194971,0.08995887594242624,-1.2799464430878111,2.9308332307038287,2.547646679609186,Swindon
E01015556,E02003216,13.7208583999761,957.5666395789473,165.20566419420092,5.731625084288602,0.895427795,4733.547688814521,946.8969289620413,0.1011463250168577,1.4662296727249913,7.825097779873483,3.243021946696279,Swindon
E01015557,E02003216,13.93762378258332,1004.3386888888888,133.44226579520696,6.318082788671031,0.895427795,5268.446171236656,843.0992828019622,0.14297385620915032,1.6162537366367755,4.229805580366182,3.2295783480013363,Swindon
E01015558,E02003216,11.48613641986255,107.69431399336283,158.88456549935148,-12.38651102464332,0.895427795,1953.6660991187016,-1968.025422203381,0.07874745285714287,-3.1686423551413148,14.490360862492432,2.204531152518657,Swindon
E01015559,E02003216,13.193415002469724,588.6154884868422,166.10169491525423,-0.40677966101694807,0.895427795,4961.145873302455,-67.56679115196764,0.08898305084745758,-0.10405991328340533,-1.4070312196234533,2.5406566648924924,Swindon
E01015560,E02003216,13.871883461316068,716.3108591740013,112.43689765947683,8.168884809545661,0.895427795,4459.518985280801,918.4840653229403,0.08923563306307683,2.089714718720983,0.402820720638398,3.0795677794662235,Swindon
E01015561,E02003225,15.553568183700499,5304.372005597015,261.68224299065423,19.065420560747654,0.9183673469387756,4864.862434788001,4989.082015896583,0.43613707165109034,8.212796549245144,9.737869020590242,5.53287947727086,Swindon
E01015562,E02003222,12.337385292933927,221.42121262135922,107.34072022160665,17.659279778393355,0.8888888888888888,1421.0230180800208,1895.559810007597,0.19477146814404428,5.045508508112387,14.22078798957146,2.9886573048820275,Swindon
E01015563,E02003222,12.697325532281189,330.17325434343434,106.45604395604396,22.596153846153847,0.8888888888888888,5341.383125224557,2405.497147083686,0.04945054945054944,6.456043956043956,13.737369408338353,2.287775977340337,Swindon
E01015564,E02003225,13.303909258606406,589.5120699115043,274.15143603133157,16.514360313315926,0.9183673469387756,132.81357171088715,4527.435595034392,0.5918189730200173,7.113878288813015,12.752774792524331,5.53287947727086,Swindon
E01015565,E02003222,13.10024008449348,502.11377433264886,108.16468946266573,16.46894626657362,0.8888888888888888,4111.560838582883,1781.358458701264,0.09159106769016045,4.705413219021034,13.116290693319202,2.791901033272154,Swindon
E01015566,E02003222,11.77440057348647,119.26855932047751,98.60050890585241,19.40203562346056,0.8888888888888888,1249.9214068019905,1913.0505862826885,0.095419847,5.54343874956016,13.150905747881449,2.5645646680934537,Swindon
E01015567,E02003225,12.6301843257052,278.6193723792161,249.1103202846975,9.667852906287077,0.9183673469387756,1174.3757045848008,2408.3619339505176,0.18452616317385,4.1646135596313565,11.265856362899436,3.612808017162641,Swindon
E01015568,E02003225,15.261384525650552,3497.1663962108732,244.75524475524475,11.013986013986013,0.9183673469387756,2034.282727141932,2695.730842583989,0.5348355348355348,4.744486282947821,-4.934926259081633,6.257569881960145,Swindon
E01015569,E02003233,14.258167376036381,1701.46116284153,252.0718232044199,-4.005524859834253,0.9290123456790124,3284.9480095864233,-1009.6799543090486,1.0359116022099448,-1.1868221806916304,12.862739495815038,3.2548605385877107,Swindon
E01015570,E02003233,12.579320577433082,309.029660106383,261.461318051576,-6.088825214899714,0.9290123456790124,2876.009270663794,-1591.9922660733496,0.1074498567335243,-1.8040963599702855,15.019353898542178,3.2548605385877107,Swindon
E01015571,E02003233,11.175125569379755,77.95934597814207,227.8401997503121,-0.7490636704119851,0.9290123456790124,1135.3550275655339,-170.66681629236862,0.032043279333333334,-0.22194479123318075,7.291315716504798,2.3332112865358066,Swindon
E01015572,E02003227,13.388121739860633,704.3292785097192,58.351568198395334,-11.597374179431073,0.8984375,6229.850965878395,-676.7249703533814,0.027133479212253814,-2.8993435448577682,5.818124639765625,2.5253285642869154,Swindon
E01015573,E02003227,13.29803006811633,370.42842579241767,33.25020781379884,-3.449709060681629,0.8984375,2228.113579038214,-114.70354316480895,0.09975062344139651,-0.8624272651704072,12.992864935978446,3.634212052771628,Swindon
E01015574,E02003228,13.153647372586132,495.5698762728146,153.4683855125844,8.96255371393494,0.912,4036.3837658963025,1375.4686485474124,0.0736648250460405,3.278983066073758,-3.5244730537440003,2.916634952195289,Swindon
E01015575,E02003227,12.694994224095195,378.3182932714617,59.30318754633062,-13.936249073387694,0.8984375,1200.822959324776,-826.4639924914867,0.2205337286879169,-3.4840622683469236,14.545249729176636,3.460032167383048,Swindon
E01015576,E02003228,11.996215021617965,164.2745009118541,151.14873035066506,8.82708585247884,0.912,1207.5912317880418,1334.2028192984947,0.06801692865779925,3.2294216533459164,15.086593564949988,4.324463727272736,Swindon
E01015578,E02003223,15.378163861647524,2508.6559458464776,320.2846975088968,7.552392249901146,0.9096174363664076,1510.5683488464886,2418.915667228125,0.3321470938,1.9731475247489476,3.5000496053308945,5.31776699036935,Swindon
E01015579,E02003223,12.891027690490441,333.39120285714284,465.7849338700402,4.657849338700402,0.9096174363664076,1783.8898448742498,2169.556046203177,0.11680563542265669,1.2169155929937983,23.89899705980469,3.307948409442525,Swindon
E01015580,E02003218,11.095719009781924,61.75022265229615,73.92075694855114,-2.897693672383202,0.8582230623818525,2088.32188747554,-214.19970966759325,0.019712201999999998,-0.5519416518825144,12.358557711958214,2.4532439692791588,Swindon
E01015581,E02003223,16.767356059423886,18747.54686581783,510.718789407314,4.539722572509458,0.9096174363664076,7824.63076824281,2318.5216164770873,0.638923917612442,1.1860536450700383,-11.753821665209573,5.411422812653309,Swindon
E01015582,E02003223,13.923095940070196,749.8888464646465,361.7686467172845,12.862885216614563,0.9096174363664076,399.7619600398369,4653.388577694415,0.3751674854845914,3.360573615151552,-0.7805912838920896,4.656442980165514,Swindon
E01015584,E02003236,12.177669794973971,264.4875424489796,375.0884642604388,5.803255484784142,0.9049483802064792,1245.730457544239,2176.734187498652,0.15165301789505609,2.1278603444208515,14.043352075321993,2.6381998192011293,Swindon
E01015585,E02003236,14.846809710742221,1570.3842172452407,187.743535246192,10.520722635494154,0.9049483802064792,2770.7417646745707,1975.197660932307,0.4408233951273271,3.857598299681189,3.9061158715723954,4.249865731071543,Swindon
E01015586,E02003236,11.049821157692781,93.09422865384616,390.85545722713863,5.014749262536867,0.9049483802064792,1485.1030566503537,1960.0421158883034,0.0895490942857143,1.8387413962635175,16.005168400054004,2.2582151452581054,Swindon
E01015587,E02003236,14.332156814930006,1559.4372186046512,284.3347639484978,4.667381974248926,0.9049483802064792,6839.478180451158,1327.098951905542,0.2565048283261802,1.7113733905579391,13.147693847945769,3.3274073076914,Swindon
E01015588,E02003236,13.973355073743136,1128.1147504816956,301.8223234624146,13.667425968109349,0.9049483802064792,7923.822350455243,4125.134261445305,0.09491268033409259,5.011389521640093,14.324073061081513,2.7833431851376416,Swindon
E01032700,E02006847,10.595241350789669,33.12048384742952,124.65373961218837,19.113573407202214,0.8730864197530864,1195.606305504579,2382.5784025598327,0.011871784724970297,8.687987912364642,0.0001196992750617284,2.2302294308019053,Swindon
E01032701,E02006848,10.350996509356598,32.25485183505155,164.83516483516485,19.780219780219777,0.8786848072562359,410.9215753310109,3260.475787948315,0.078492936,8.683998927901365,16.50508671340448,2.408115594203509,Swindon
E01032702,E02006848,11.289827532240475,83.16283739085239,147.99154334038056,20.01409443269909,0.8786848072562359,813.8407689414549,2961.9167236552566,0.04598308665,8.7866756045996,40.578074855880665,2.6116861328191265,Swindon
E01032703,E02006847,11.760917059526548,113.6027625,136.28104179285282,18.413082980012113,0.8730864197530864,937.7830630383152,2509.354131134298,0.20189783969311517,8.369583172732778,14.37776974135369,2.1652751420294387,Swindon
E01032704,E02006848,12.616248057717657,211.81688299367536,105.9001512859304,15.532022188603126,0.8786848072562359,2400.1606845636775,1644.8434995494988,0.0661875945,6.818936570606249,11.30229352405229,2.696180028531723,Swindon
E01032705,E02006847,13.590347208294045,711.5836737994453,137.19512195121953,17.500000000000007,0.8730864197530864,3133.519388429997,2400.914634146343,0.01761517615176151,7.954545454545457,7.987196902711418,2.180982271234797,Swindon
E01032706,E02003232,11.556249508513618,87.38629548117154,203.7712895377129,26.034063260340638,0.9048442906574394,1915.4656081023036,5304.994642466006,0.022810219,10.590127427935176,6.608021080216263,2.2726412166209737,Swindon
E01032707,E02003232,11.982023405453686,118.58616869436202,159.29624346172133,31.24108416547789,0.9048442906574394,356.26566219650823,4976.587349232093,0.24964336661911551,12.708237626635075,15.718864518982175,3.735953861499865,Swindon
E01032708,E02003223,14.07516965753958,930.7157487437186,439.0243902439025,18.37398373972087,0.9096174363664076,1430.9732635720745,8066.627007682334,0.2168021680216802,4.800410166233379,11.418291438244331,4.3186740766706055,Swindon
E01032709,E02006847,13.590347208294045,711.5836737994453,151.41318977119784,16.689098250336475,0.8730864197530864,3133.519388429997,2526.949600488362,0.0121130552,7.5859537501529415,7.987196902711418,2.24855120450156,Swindon
E01032710,E02006849,14.017046995018548,1233.1449687499999,206.84736091298146,16.69044222497289,0.8961111111111111,1080.5423320419688,3452.373926706233,1.9020446980504044,7.649786019779241,4.924008211805347,4.514041252576989,Swindon
E01032711,E02006848,12.011647199724417,130.37253475851148,121.38728323699422,17.572254335260116,0.8786848072562359,2819.245097977572,2133.048214106719,0.035966602440590814,7.714648244748343,12.642799628873666,2.408115594203509,Swindon
E01032712,E02006848,12.207076330170187,116.32762213829169,86.10086100861008,17.302173021730216,0.8786848072562359,1260.977748271889,1489.7319944909163,0.0461254615,7.596075960759606,11.811107292731691,3.0396056079979608,Swindon
E01032713,E02006847,11.536680631466014,65.43319923322683,105.14018691588784,19.112149532710283,0.8730864197530864,294.7924536910621,2009.4549742335576,0.2466251298026999,8.68734069668649,-23.789227497758027,3.153504957426533,Swindon
E01032714,E02003230,16.172067388512275,5739.285872756934,277.8938570831592,21.938988717091515,0.8989349112426035,4994.217869943266,6096.7101950964725,0.9576542693968519,6.535017915729387,4.6298230397983735,4.824538620507287,Swindon
E01032715,E02003230,15.687614805238017,5784.6643718861205,435.20942408376965,13.219895287958124,0.8989349112426035,5524.3491993977605,5753.423014719995,0.6282722513089005,3.9378411496045476,-2.333099054027929,4.061029045690827,Swindon
E01032716,E02003223,15.99353509815706,7125.784492332526,469.5652173913043,3.7101449275362324,0.9096174363664076,4638.479338828962,1742.1550094517959,0.7900621118012421,0.9693171432301866,6.450789492150175,4.934488321516387,Swindon
E01033841,E02003219,14.646478154747964,1604.149421383648,416.66666666666663,11.423220973782772,0.9216639313218028,3807.172257728367,4759.675405742822,0.21067415730337075,4.629017649506744,8.93563220162379,5.758930164641452,Swindon
E01033843,E02003219,14.646478154747964,2659.9511263035924,616.3434903047091,12.326869806094184,0.9216639313218028,15363.788964284491,7597.5859608198225,0.11542012927054479,4.995202143646009,8.93563220162379,5.758930164641452,Swindon
E01033845,E02003226,16.44765483022356,10260.922479704797,240.3846153846154,19.683257918552037,0.9058956916099772,5497.364007508641,4731.5523842673165,0.5972850678733032,5.714494234418334,-6.391558495428571,3.035241406648704,Swindon
E01033846,E02003226,16.44765483022356,9756.877164912281,231.10386079390975,2.990755845568245,0.9058956916099772,55208.60177740006,691.1752226027755,0.07854510301492355,0.8682839551649744,-6.391558495428571,3.035241406648704,Swindon
E01033847,E02003235,13.56766653691945,739.0915459280303,246.26452684006642,23.74100719424461,0.9056937255397046,1443.8225021672315,5846.567903397262,0.07998408965135584,9.496402877697845,1.8860615122497235,4.415400964058979,Swindon
E01033848,E02003235,13.56766653691945,542.0004670138889,220.2970297029703,25.3960396,0.9056937255397046,5474.149427383646,5594.67209009901,0.099009901,10.158415840000002,1.8860615122497235,4.415400964058979,Swindon
E01033849,E02003236,14.95869709567246,1454.8918469387756,166.56191074795726,17.850408548082967,0.9049483802064792,14244.370865757199,2973.1981554003683,0.08754601777857592,6.545149800963753,1.5708918330774588,2.7833431851376416,Swindon
E01033850,E02003236,14.95869709567246,2213.6533676781933,248.4763244256915,22.409751523675574,0.9049483802064792,7869.509745988831,5568.292689895947,0.2812939521800281,8.216908892014375,1.5708918330774588,2.7833431851376416,Swindon
E01033860,E02006849,13.968274429474393,864.2795586053412,156.75675675675674,10.378378378837839,0.8961111111111111,4919.717175209562,1626.8809350610666,0.1505791505791505,4.756756756967342,12.059326549335712,2.646564792248224,Swindon
E01033861,E02006849,13.968274429474393,879.2821471698113,144.78282576135794,17.52371442835746,0.8961111111111111,1956.886912374052,2537.1328927726727,0.22466300549176235,8.031702446330502,12.059326549335712,2.646564792248224,Swindon
