LSOA21CD,LSOA21NM,GVA_2023_actual,GVA_2023_predicted,GVA_2025_predicted,log_GVA_2025_predicted
E01016252,Bracknell Forest 001C,29.37,53.576,53.06,3.99
E01016253,Bracknell Forest 001D,11.642,9.285,9.577,2.359
E01016185,Bracknell Forest 002B,460.353,784.357,842.259,6.737
E01016187,Bracknell Forest 002D,28.12,21.854,23.06,3.181
E01016188,Bracknell Forest 002E,26.325,14.216,14.663,2.751
E01016190,Bracknell Forest 003A,182.49,120.329,125.461,4.84
E01016238,Bracknell Forest 003B,182.49,120.329,125.461,4.84
E01016243,Bracknell Forest 003C,24.575,22.837,23.821,3.212
E01016245,Bracknell Forest 003D,18.618,15.877,16.537,2.864
E01016246,Bracknell Forest 003E,11.973,9.015,9.263,2.329
E01016247,Bracknell Forest 003F,20.643,18.68,19.768,3.033
E01016239,Bracknell Forest 004A,9.816,9.532,9.726,2.373
E01016240,Bracknell Forest 004B,74.209,45.392,46.887,3.869
E01016241,Bracknell Forest 004C,74.209,45.392,46.887,3.869
E01016242,Bracknell Forest 004D,1253.169,1187.109,1244.992,7.128
E01016180,Bracknell Forest 005A,30.676,24.746,25.881,3.291
E01016181,Bracknell Forest 005B,60.566,52.114,53.49,3.998
E01016182,Bracknell Forest 005C,24.891,24.227,25.619,3.282
E01016183,Bracknell Forest 005D,9.465,8.275,8.529,2.254
E01016222,Bracknell Forest 005E,7.883,7.826,8.145,2.213
E01016191,Bracknell Forest 006B,11.006,13.825,14.483,2.74
E01016223,Bracknell Forest 006C,9.665,8.1,8.335,2.234
E01016224,Bracknell Forest 006D,18.069,18.269,19.259,3.009
E01016226,Bracknell Forest 006E,25.347,21.786,22.006,3.136
E01032724,Bracknell Forest 006F,75.161,73.235,71.197,4.279
E01032728,Bracknell Forest 006G,165.533,164.609,169.007,5.136
E01016233,Bracknell Forest 007B,46.694,34.948,35.185,3.589
E01016248,Bracknell Forest 007C,13.869,13.427,13.853,2.698
E01016250,Bracknell Forest 007E,13.232,18.547,19.208,3.006
E01016200,Bracknell Forest 008A,15.276,9.651,10.149,2.411
E01016201,Bracknell Forest 008B,10.71,15.704,16.589,2.867
E01016202,Bracknell Forest 008C,8.077,6.705,6.905,2.067
E01016203,Bracknell Forest 008D,15.485,13.317,13.97,2.706
E01016204,Bracknell Forest 008E,6.172,5.528,5.729,1.906
E01016209,Bracknell Forest 009A,631.472,580.811,580.788,6.366
E01016210,Bracknell Forest 009B,15.507,14.676,15.121,2.78
E01016213,Bracknell Forest 009D,35.713,19.559,20.693,3.077
E01016214,Bracknell Forest 009E,11.429,10.122,10.493,2.442
E01016215,Bracknell Forest 009F,6.397,5.295,5.509,1.873
E01032726,Bracknell Forest 009H,89.163,105.163,112.279,4.73
E01016205,Bracknell Forest 010A,20.445,14.923,16.08,2.838
E01016217,Bracknell Forest 010B,28.455,23.396,24.242,3.229
E01016218,Bracknell Forest 010C,21.34,18.517,19.418,3.016
E01016231,Bracknell Forest 010D,13.091,10.059,10.497,2.442
E01016232,Bracknell Forest 010E,9.902,15.054,15.89,2.827
E01016212,Bracknell Forest 011A,7.258,5.765,5.977,1.943
E01016216,Bracknell Forest 011B,9.996,8.602,8.958,2.298
E01016219,Bracknell Forest 011C,12.064,9.803,10.125,2.409
E01016220,Bracknell Forest 011D,7.332,6.323,6.494,2.014
E01016221,Bracknell Forest 011E,7.984,5.882,5.954,1.939
E01016206,Bracknell Forest 012A,41.282,42.077,44.45,3.817
E01016208,Bracknell Forest 012B,59.294,59.205,60.967,4.127
E01016229,Bracknell Forest 012C,11.26,9.953,10.338,2.428
E01016230,Bracknell Forest 012D,41.282,42.077,44.45,3.817
E01016207,Bracknell Forest 013A,154.657,147.996,152.218,5.032
E01016234,Bracknell Forest 013B,6.278,6.819,7.047,2.085
E01016235,Bracknell Forest 013C,6.927,6.957,7.165,2.1
E01016236,Bracknell Forest 013D,17.955,14.148,14.803,2.76
E01016237,Bracknell Forest 013E,14.256,12.701,13.219,2.655
E01016192,Bracknell Forest 014A,20.164,21.33,22.044,3.137
E01016194,Bracknell Forest 014B,11.557,10.587,10.732,2.462
E01016195,Bracknell Forest 014C,9.064,7.639,7.915,2.188
E01016227,Bracknell Forest 014D,16.331,16.096,16.971,2.889
E01016228,Bracknell Forest 014E,65.534,51.909,54.13,4.01
E01016193,Bracknell Forest 015A,8.242,7.986,8.286,2.229
E01016196,Bracknell Forest 015B,193.526,195.202,203.96,5.323
E01016197,Bracknell Forest 015C,13.115,10.454,10.766,2.465
E01016198,Bracknell Forest 015D,102.239,30.955,33.165,3.531
E01016199,Bracknell Forest 015E,14.252,11.68,12.077,2.571
E01016277,West Berkshire 001A,88.851,84.324,88.245,4.491
E01016286,West Berkshire 001B,82.812,72.117,75.575,4.338
E01016287,West Berkshire 001C,35.901,29.464,30.889,3.462
E01016288,West Berkshire 001D,29.48,33.734,34.693,3.575
E01016303,West Berkshire 002A,38.562,33.978,35.576,3.599
E01016304,West Berkshire 002B,107.702,95.841,96.496,4.58
E01016305,West Berkshire 002C,36.582,41.975,44.405,3.816
E01016306,West Berkshire 002D,17.139,10.116,10.59,2.45
E01016256,West Berkshire 003A,26.794,22.814,23.782,3.21
E01016257,West Berkshire 003B,18.557,13.846,14.267,2.726
E01016313,West Berkshire 003C,53.909,45.849,46.924,3.87
E01016314,West Berkshire 003D,62.702,60.86,64.338,4.18
E01016315,West Berkshire 004A,24.392,23.339,24.144,3.225
E01016316,West Berkshire 004B,17.844,15.665,16.212,2.846
E01016317,West Berkshire 004C,9.864,8.147,8.383,2.239
E01016318,West Berkshire 004D,12.949,10.795,11.026,2.487
E01016258,West Berkshire 005A,36.759,26.579,27.939,3.365
E01016261,West Berkshire 005B,10.408,9.634,10.045,2.402
E01016349,West Berkshire 005C,27.686,22.82,23.99,3.218
E01016350,West Berkshire 005D,9.131,7.535,7.629,2.155
E01016259,West Berkshire 006A,375.398,192.625,203.529,5.321
E01016260,West Berkshire 006B,10.568,8.206,8.352,2.236
E01016262,West Berkshire 006C,16.348,13.047,13.633,2.683
E01016272,West Berkshire 006D,11.427,9.837,10.081,2.405
E01016273,West Berkshire 006E,18.041,19.326,20.124,3.05
E01016263,West Berkshire 007A,26.134,24.221,25.46,3.276
E01016284,West Berkshire 007D,12.35,11.702,11.863,2.554
E01016285,West Berkshire 007E,28.369,22.909,23.999,3.219
E01016271,West Berkshire 008A,19.35,20.455,21.487,3.113
E01016274,West Berkshire 008B,19.35,20.455,21.487,3.113
E01016275,West Berkshire 008C,9.553,7.82,8.067,2.205
E01016276,West Berkshire 008D,12.042,10.461,10.317,2.426
E01016327,West Berkshire 009A,155.845,93.553,99.383,4.609
E01016328,West Berkshire 009B,62.111,54.415,57.831,4.075
E01016344,West Berkshire 009C,812.685,726.803,759.274,6.634
E01016345,West Berkshire 009D,567.086,487.573,507.678,6.232
E01016296,West Berkshire 010A,63.991,57.767,60.183,4.114
E01016297,West Berkshire 010B,18.954,15.191,15.811,2.822
E01016298,West Berkshire 010C,220.544,254.312,269.133,5.599
E01016299,West Berkshire 010D,31.976,30.064,31.206,3.472
E01016254,West Berkshire 011A,921.035,723.055,753.83,6.626
E01016255,West Berkshire 011B,45.671,45.28,47.291,3.877
E01016264,West Berkshire 011C,63.619,46.999,49.563,3.923
E01016265,West Berkshire 011D,21.17,18.772,19.709,3.031
E01016266,West Berkshire 011E,17.46,15.293,15.971,2.832
E01016339,West Berkshire 011F,290.455,397.097,418.73,6.04
E01016310,West Berkshire 012A,118.428,114.449,120.025,4.796
E01016311,West Berkshire 012B,908.411,886.28,943.411,6.851
E01016323,West Berkshire 012C,23.136,28.262,29.5,3.418
E01016324,West Berkshire 012D,908.411,886.28,943.411,6.851
E01016325,West Berkshire 012E,12.808,11.135,11.455,2.522
E01016279,West Berkshire 013A,214.484,225.4,241.66,5.492
E01016280,West Berkshire 013B,144.277,113.497,121.818,4.811
E01016281,West Berkshire 013C,144.277,113.497,121.818,4.811
E01016282,West Berkshire 013D,24.532,26.16,26.628,3.319
E01016329,West Berkshire 014A,8.045,6.373,6.503,2.015
E01016340,West Berkshire 014B,16.743,17.641,18.355,2.963
E01016341,West Berkshire 014C,11.828,11.244,11.644,2.537
E01016342,West Berkshire 014D,42.199,39.376,41.454,3.748
E01016343,West Berkshire 014E,11.051,9.552,9.917,2.39
E01016267,West Berkshire 015A,35.646,38.366,40.012,3.714
E01016268,West Berkshire 015B,14.586,11.492,11.84,2.553
E01016269,West Berkshire 015C,195.014,180.063,187.341,5.238
E01016270,West Berkshire 015D,29.003,21.551,22.426,3.154
E01016330,West Berkshire 016A,15.442,13.012,13.53,2.676
E01016331,West Berkshire 016B,11.117,8.479,8.732,2.275
E01016332,West Berkshire 016C,46.96,49.051,50.167,3.935
E01016334,West Berkshire 016D,24.863,24.876,26.024,3.297
E01016336,West Berkshire 016E,11.744,8.431,8.752,2.277
E01016333,West Berkshire 017A,17.935,31.155,33.057,3.528
E01016335,West Berkshire 017B,10.767,10.087,10.404,2.434
E01016337,West Berkshire 017C,42.611,37.75,39.853,3.71
E01016338,West Berkshire 017D,21.234,18.767,18.92,2.992
E01016300,West Berkshire 018A,16.309,14.933,15.517,2.804
E01016301,West Berkshire 018B,72.334,71.573,74.989,4.331
E01016302,West Berkshire 018C,31.483,33.535,35.598,3.6
E01016326,West Berkshire 018D,51.98,47.858,46.578,3.862
E01016346,West Berkshire 019B,270.083,284.948,289.916,5.673
E01016348,West Berkshire 019D,96.538,83.65,78.234,4.372
E01016294,West Berkshire 020A,10.671,8.908,9.206,2.323
E01016295,West Berkshire 020B,54.295,40.079,40.837,3.734
E01016312,West Berkshire 020C,17.609,13.573,14.08,2.713
E01016319,West Berkshire 020D,26.316,22.714,23.436,3.196
E01016320,West Berkshire 020E,17.587,13.754,14.422,2.736
E01016289,West Berkshire 021A,9.482,9.66,9.949,2.393
E01016290,West Berkshire 021B,26.385,24.016,25.07,3.261
E01016291,West Berkshire 021C,26.558,25.745,26.996,3.332
E01016292,West Berkshire 021D,20.26,15.767,16.503,2.862
E01016321,West Berkshire 021E,15.046,12.8,13.294,2.66
E01016322,West Berkshire 021F,10.682,9.613,10.083,2.405
E01016307,West Berkshire 022A,19.937,18.979,19.396,3.015
E01016308,West Berkshire 022B,38.581,30.744,32.364,3.507
E01016309,West Berkshire 022C,99.26,67.34,70.535,4.27
E01016407,Reading 001A,16.556,14.652,15.202,2.785
E01016408,Reading 001B,12.655,14.678,14.703,2.754
E01016410,Reading 001C,23.286,14.064,14.814,2.761
E01016411,Reading 001D,10.234,11.108,11.447,2.521
E01016412,Reading 001E,10.239,9.063,9.398,2.342
E01016386,Reading 002A,13.322,8.016,8.352,2.236
E01016387,Reading 002B,8.885,7.579,7.789,2.174
E01016425,Reading 002C,10.523,9.181,9.418,2.344
E01016426,Reading 002D,18.495,17.164,18.046,2.947
E01016430,Reading 002E,23.657,20.345,21.246,3.102
E01016364,Reading 003A,28.701,24.059,25.113,3.262
E01016409,Reading 003B,14.691,12.791,13.256,2.657
E01016427,Reading 003C,23.03,23.012,24.439,3.236
E01016428,Reading 003D,15.593,12.284,12.637,2.613
E01016429,Reading 003E,10.228,12.971,13.388,2.666
E01016362,Reading 004A,54.452,44.537,46.369,3.858
E01016363,Reading 004B,16.636,13.598,13.817,2.696
E01016365,Reading 004C,18.46,18.006,18.894,2.99
E01016366,Reading 004D,18.101,16.641,17.192,2.901
E01016367,Reading 004E,11.913,10.813,11.329,2.512
E01016380,Reading 005A,15.629,14.612,15.227,2.787
E01016383,Reading 005B,16.178,13.003,13.67,2.686
E01016384,Reading 005C,11.876,10.475,10.77,2.466
E01016431,Reading 005D,21.716,19.2,19.947,3.042
E01016432,Reading 005E,13.903,13.601,14.314,2.729
E01016381,Reading 006A,5.595,4.699,4.779,1.754
E01016382,Reading 006B,42.182,40.789,41.45,3.748
E01016385,Reading 006C,12.531,9.268,9.479,2.349
E01016396,Reading 006D,14.79,19.925,20.591,3.072
E01016397,Reading 006E,33.124,22.145,23.36,3.193
E01016355,Reading 007A,184.767,179.251,184.26,5.222
E01016358,Reading 007B,13.205,12.485,12.617,2.611
E01016359,Reading 007C,157.195,118.693,122.483,4.816
E01016360,Reading 007D,22.018,18.383,18.802,2.986
E01016361,Reading 007E,15.413,14.137,14.332,2.73
E01016356,Reading 008A,15.871,14.138,14.687,2.753
E01016357,Reading 008B,18.053,14.728,15.339,2.794
E01016395,Reading 008C,30.849,28.731,29.866,3.43
E01016398,Reading 008D,8.349,8.282,8.626,2.264
E01016399,Reading 008E,6.917,5.638,5.746,1.909
E01016400,Reading 008F,16.812,14.032,14.048,2.711
E01016394,Reading 009A,13.872,13.796,14.403,2.735
E01016433,Reading 009B,23.266,28.427,28.938,3.399
E01016434,Reading 009C,41.595,36.12,39.04,3.69
E01016435,Reading 009D,7.659,6.328,6.506,2.016
E01016436,Reading 009E,14.566,10.311,10.72,2.461
E01016402,Reading 010B,15.644,13.826,14.628,2.749
E01016404,Reading 010C,12.601,12.831,13.245,2.656
E01016405,Reading 010D,8.128,6.197,6.373,1.998
E01016406,Reading 010E,9.042,9.642,9.696,2.37
E01033417,Reading 010F,38.041,38.289,39.857,3.71
E01033421,Reading 010G,189.898,119.163,126.399,4.847
E01016353,Reading 011B,54.921,48.949,50.551,3.943
E01016391,Reading 011E,38.511,106.601,109.719,4.707
E01033415,Reading 011F,4407.307,2887.738,3073.162,8.031
E01033418,Reading 011G,221.413,165.49,156.654,5.06
E01033420,Reading 011H,591.854,436.36,454.584,6.122
E01033422,Reading 011I,38.2,44.882,46.789,3.867
E01033423,Reading 011J,42.296,33.431,33.713,3.547
E01016401,Reading 012A,18.715,13.954,14.407,2.735
E01016403,Reading 012B,27.757,29.123,30.702,3.456
E01016416,Reading 012C,64.917,22.239,21.809,3.127
E01016417,Reading 012D,21.272,18.94,20.198,3.054
E01016418,Reading 012E,19.491,16.888,17.654,2.926
E01016388,Reading 013A,65.22,25.475,15.924,2.829
E01016389,Reading 013B,9.846,9.134,9.391,2.341
E01016390,Reading 013C,41.072,28.467,30.075,3.436
E01016392,Reading 013D,43.216,42.721,45.268,3.834
E01016393,Reading 013E,44.177,40.361,42.134,3.764
E01016374,Reading 014A,12.706,12.944,13.513,2.675
E01016375,Reading 014B,5.115,4.374,4.444,1.695
E01016376,Reading 014C,56.338,63.085,66.026,4.205
E01016379,Reading 014D,9.78,13.163,13.643,2.684
E01016413,Reading 014E,14.707,13.877,14.324,2.729
E01016414,Reading 014F,428.373,291.363,313.322,5.75
E01016419,Reading 015A,66.511,50.105,53.476,3.998
E01016420,Reading 015B,18.889,20.136,21.358,3.107
E01016421,Reading 015C,73.346,62.354,66.563,4.213
E01016422,Reading 015D,19.69,25.889,27.332,3.344
E01016423,Reading 015E,6.83,5.551,5.668,1.897
E01016424,Reading 015F,13.858,8.835,9.352,2.337
E01016370,Reading 016A,20.936,53.919,56.075,4.044
E01016371,Reading 016B,15.092,11.618,12.102,2.573
E01016373,Reading 016C,17.674,14.947,15.726,2.817
E01016415,Reading 016D,20.936,53.919,56.075,4.044
E01016368,Reading 017A,8.972,8.984,9.31,2.333
E01016372,Reading 017B,8.764,7.841,8.181,2.217
E01016377,Reading 017C,104.894,108.386,111.08,4.719
E01016438,Reading 017D,20.285,19.58,20.55,3.07
E01016443,Reading 017F,8.882,8.66,9.124,2.315
E01016369,Reading 018A,9.774,8.626,8.941,2.297
E01016437,Reading 018B,435.088,636.814,647.7,6.475
E01016439,Reading 018C,435.088,636.814,647.7,6.475
E01016440,Reading 018D,10.476,8.169,8.394,2.24
E01016441,Reading 018E,17.454,15.778,16.751,2.876
E01016450,Slough 001A,7.148,6.192,6.465,2.01
E01016451,Slough 001B,14.218,11.064,11.682,2.54
E01016452,Slough 001C,16.21,16.148,16.808,2.88
E01016453,Slough 001D,15.985,14.992,15.916,2.828
E01016454,Slough 001E,7.613,6.272,6.545,2.021
E01016455,Slough 001F,12.281,11.332,12.143,2.576
E01016483,Slough 002A,60.502,51.469,53.623,4.0
E01016484,Slough 002B,20.101,21.215,22.822,3.171
E01016485,Slough 002C,8.633,6.054,6.32,1.991
E01016486,Slough 002D,3579.158,2579.176,2669.781,7.89
E01016487,Slough 002E,9.061,8.57,8.736,2.276
E01016488,Slough 002F,12.949,11.565,12.214,2.581
E01016493,Slough 003A,6.679,5.633,5.855,1.925
E01016494,Slough 003B,342.43,283.399,298.984,5.704
E01016495,Slough 003C,56.973,51.583,54.62,4.019
E01016496,Slough 003D,10.472,11.276,11.688,2.541
E01016497,Slough 003E,17.372,15.658,16.4,2.856
E01016498,Slough 003F,7.491,6.258,6.526,2.018
E01016499,Slough 003G,1406.197,946.784,994.731,6.903
E01016444,Slough 004A,6.07,5.437,5.656,1.896
E01016445,Slough 004B,8.774,6.911,7.259,2.111
E01016446,Slough 004C,9.436,8.725,9.202,2.323
E01016447,Slough 004D,9.516,9.636,9.69,2.369
E01016448,Slough 004E,46.826,57.071,58.402,4.084
E01016449,Slough 004F,18.587,20.362,21.432,3.11
E01016516,Slough 005A,8.615,6.973,7.375,2.125
E01016517,Slough 005B,6.737,5.82,6.063,1.955
E01016518,Slough 005C,9.098,7.669,8.006,2.198
E01016519,Slough 005D,157.079,134.765,143.946,4.976
E01016520,Slough 005E,157.079,134.765,143.946,4.976
E01016521,Slough 005F,16.967,15.315,16.375,2.855
E01016467,Slough 006A,18.796,23.096,23.509,3.199
E01016468,Slough 006B,17.807,21.407,19.811,3.035
E01016469,Slough 006C,25.932,30.153,31.32,3.476
E01016470,Slough 006D,17.807,21.407,19.811,3.035
E01016471,Slough 006E,8.606,7.762,7.967,2.194
E01016472,Slough 006F,8.113,6.537,6.837,2.059
E01016456,Slough 007A,223.034,137.214,147.51,5.001
E01016457,Slough 007B,7.657,6.389,6.744,2.047
E01016458,Slough 007C,13.534,12.069,12.496,2.602
E01016460,Slough 007E,23.386,22.579,23.904,3.215
E01016473,Slough 008A,321.326,465.96,471.417,6.158
E01016474,Slough 008B,321.326,465.96,471.417,6.158
E01016475,Slough 008C,29.281,24.75,26.406,3.311
E01016476,Slough 008D,13.152,12.175,13.032,2.641
E01016477,Slough 008E,42.641,40.444,42.736,3.778
E01016478,Slough 008F,14.024,14.103,14.883,2.765
E01016462,Slough 009A,70.007,67.121,69.738,4.259
E01016463,Slough 009B,19.659,13.821,13.745,2.691
E01016464,Slough 009C,11.786,15.328,15.245,2.788
E01016465,Slough 009D,257.577,445.054,484.563,6.185
E01032729,Slough 009F,53.896,133.241,137.072,4.928
E01032730,Slough 009G,159.941,163.578,166.406,5.12
E01016506,Slough 010A,47.508,60.488,59.419,4.101
E01016507,Slough 010B,18.289,19.866,20.22,3.055
E01016508,Slough 010C,173.792,137.849,146.218,4.992
E01016509,Slough 010D,21.807,21.761,22.159,3.142
E01016510,Slough 010E,17.772,16.354,17.129,2.898
E01016511,Slough 011A,48.01,60.431,60.886,4.125
E01016514,Slough 011D,52.404,41.685,43.753,3.801
E01016515,Slough 011E,20.523,25.989,27.252,3.341
E01016500,Slough 012A,9.595,11.352,11.806,2.55
E01016501,Slough 012B,13.37,13.348,14.164,2.719
E01016502,Slough 012C,18.964,15.796,16.795,2.879
E01016503,Slough 012D,10.486,11.163,11.83,2.552
E01016504,Slough 012E,12.682,15.936,16.946,2.887
E01016505,Slough 012F,35.78,27.678,29.433,3.416
E01016490,Slough 013B,359.943,364.38,392.52,5.975
E01016491,Slough 013C,15.764,19.162,20.112,3.05
E01016492,Slough 013D,81.615,103.041,108.025,4.692
E01032731,Slough 013E,14.135,13.006,13.112,2.647
E01032732,Slough 013F,9.5,10.167,10.215,2.417
E01016479,Slough 014A,437.384,437.061,450.135,6.112
E01016480,Slough 014B,64.719,48.452,49.629,3.925
E01016481,Slough 014C,38.642,33.963,34.973,3.583
E01016482,Slough 014D,437.384,437.061,450.135,6.112
E01016570,Windsor and Maidenhead 001A,10.688,11.65,11.991,2.564
E01016572,Windsor and Maidenhead 001B,41.9,38.22,40.339,3.722
E01016582,Windsor and Maidenhead 001C,19.984,22.09,22.938,3.175
E01016600,Windsor and Maidenhead 001D,17.009,17.545,18.142,2.952
E01016530,Windsor and Maidenhead 002A,22.891,21.722,22.422,3.154
E01016531,Windsor and Maidenhead 002B,52.446,45.388,47.618,3.884
E01016532,Windsor and Maidenhead 002C,92.52,79.384,82.942,4.43
E01016533,Windsor and Maidenhead 002D,35.099,34.857,36.154,3.615
E01016578,Windsor and Maidenhead 002E,208.251,175.176,182.115,5.21
E01016579,Windsor and Maidenhead 002F,152.078,167.482,181.618,5.207
E01016581,Windsor and Maidenhead 002G,27.162,27.304,28.263,3.376
E01016571,Windsor and Maidenhead 003A,91.425,52.178,54.686,4.02
E01016573,Windsor and Maidenhead 003B,19.954,14.13,13.977,2.707
E01016574,Windsor and Maidenhead 003C,13.115,10.977,11.309,2.51
E01016599,Windsor and Maidenhead 003D,15.571,13.954,14.494,2.74
E01016583,Windsor and Maidenhead 004A,31.634,25.618,26.866,3.327
E01016585,Windsor and Maidenhead 004B,28.273,30.591,32.305,3.506
E01016586,Windsor and Maidenhead 004C,23.196,44.857,47.394,3.879
E01016591,Windsor and Maidenhead 004D,40.735,29.614,30.735,3.457
E01016592,Windsor and Maidenhead 004E,119.691,122.43,125.443,4.84
E01016525,Windsor and Maidenhead 005A,98.029,179.218,179.313,5.195
E01016528,Windsor and Maidenhead 005B,70.739,94.976,98.152,4.597
E01016529,Windsor and Maidenhead 005C,62.817,43.938,46.523,3.861
E01016536,Windsor and Maidenhead 005D,104.547,105.119,110.717,4.716
E01016584,Windsor and Maidenhead 005E,27.892,22.237,23.472,3.198
E01032733,Windsor and Maidenhead 005G,290.404,268.152,282.168,5.646
E01032734,Windsor and Maidenhead 005H,771.313,905.739,951.916,6.86
E01016526,Windsor and Maidenhead 006A,49.623,46.471,48.808,3.908
E01016527,Windsor and Maidenhead 006B,59.399,52.941,56.104,4.045
E01016534,Windsor and Maidenhead 006C,37.005,29.307,30.286,3.443
E01016598,Windsor and Maidenhead 006D,19.247,17.418,17.957,2.942
E01016601,Windsor and Maidenhead 006E,15.74,13.921,14.39,2.734
E01016602,Windsor and Maidenhead 006F,26.663,24.66,25.924,3.293
E01016535,Windsor and Maidenhead 007A,9.85,8.746,9.007,2.303
E01016537,Windsor and Maidenhead 007B,16.938,14.576,14.795,2.76
E01016538,Windsor and Maidenhead 007C,19.581,17.505,18.148,2.952
E01016593,Windsor and Maidenhead 007D,14.518,12.841,13.283,2.659
E01016594,Windsor and Maidenhead 007E,1363.765,1249.44,1325.185,7.19
E01016559,Windsor and Maidenhead 008A,16.779,14.636,15.275,2.79
E01016560,Windsor and Maidenhead 008B,22.894,31.321,32.981,3.526
E01016561,Windsor and Maidenhead 008C,220.432,304.251,315.884,5.759
E01016562,Windsor and Maidenhead 008D,22.894,31.321,32.981,3.526
E01016563,Windsor and Maidenhead 008E,48.365,33.263,35.43,3.595
E01016580,Windsor and Maidenhead 008F,14.497,13.323,13.835,2.697
E01016539,Windsor and Maidenhead 009A,37.6,49.795,50.48,3.941
E01016540,Windsor and Maidenhead 009B,96.671,61.477,65.424,4.196
E01016541,Windsor and Maidenhead 009C,38.151,60.787,62.841,4.156
E01016542,Windsor and Maidenhead 009D,19.129,12.969,13.426,2.669
E01016543,Windsor and Maidenhead 009E,54.705,59.118,60.999,4.127
E01016544,Windsor and Maidenhead 010A,587.491,686.785,730.251,6.595
E01016567,Windsor and Maidenhead 010B,251.497,203.558,214.063,5.371
E01016568,Windsor and Maidenhead 010C,12.066,11.565,11.949,2.561
E01016569,Windsor and Maidenhead 010D,14.942,12.299,10.96,2.482
E01016564,Windsor and Maidenhead 011A,94.901,173.471,177.456,5.184
E01016565,Windsor and Maidenhead 011B,35.309,34.645,35.438,3.596
E01016566,Windsor and Maidenhead 011C,38.888,76.567,82.884,4.429
E01016577,Windsor and Maidenhead 011D,57.623,50.023,51.252,3.956
E01016545,Windsor and Maidenhead 012A,170.278,154.818,159.37,5.077
E01016547,Windsor and Maidenhead 012B,90.358,79.109,82.081,4.42
E01016550,Windsor and Maidenhead 012C,51.801,44.449,46.341,3.857
E01016552,Windsor and Maidenhead 012D,619.985,640.008,683.472,6.529
E01016551,Windsor and Maidenhead 013A,13.415,12.074,12.507,2.603
E01016553,Windsor and Maidenhead 013B,26.404,19.699,20.456,3.066
E01016557,Windsor and Maidenhead 013C,22.337,21.092,21.808,3.127
E01016558,Windsor and Maidenhead 013D,55.284,56.129,56.951,4.06
E01016548,Windsor and Maidenhead 014A,42.535,41.613,43.984,3.806
E01016549,Windsor and Maidenhead 014B,21.489,22.483,23.071,3.181
E01016554,Windsor and Maidenhead 014C,19.097,17.952,18.662,2.979
E01016555,Windsor and Maidenhead 014D,24.857,39.529,40.52,3.726
E01016556,Windsor and Maidenhead 014E,26.014,21.823,22.584,3.161
E01016546,Windsor and Maidenhead 015A,91.284,70.359,71.908,4.289
E01016595,Windsor and Maidenhead 015B,127.909,100.048,104.328,4.657
E01016596,Windsor and Maidenhead 015C,64.845,51.972,55.405,4.033
E01016597,Windsor and Maidenhead 015D,18.915,24.872,25.763,3.287
E01016575,Windsor and Maidenhead 016A,18.967,17.399,17.952,2.942
E01016576,Windsor and Maidenhead 016B,34.248,34.653,36.619,3.628
E01016587,Windsor and Maidenhead 016C,20.392,17.113,17.891,2.939
E01016588,Windsor and Maidenhead 016D,28.443,27.116,27.965,3.366
E01016589,Windsor and Maidenhead 016E,59.065,71.058,73.761,4.314
E01016522,Windsor and Maidenhead 017A,16.443,14.659,15.258,2.789
E01016523,Windsor and Maidenhead 017B,137.416,146.223,150.598,5.021
E01016524,Windsor and Maidenhead 017C,129.191,100.512,104.459,4.658
E01016609,Windsor and Maidenhead 017D,70.077,70.128,73.206,4.307
E01016603,Windsor and Maidenhead 018A,50.392,44.329,46.539,3.862
E01016604,Windsor and Maidenhead 018B,83.818,81.69,86.07,4.467
E01016605,Windsor and Maidenhead 018C,45.551,39.899,40.693,3.73
E01016606,Windsor and Maidenhead 018D,40.544,36.841,38.089,3.666
E01016607,Windsor and Maidenhead 018E,45.159,34.588,36.592,3.627
E01016608,Windsor and Maidenhead 018F,53.445,50.144,52.515,3.98
E01016676,Wokingham 001B,18.162,15.838,16.417,2.857
E01016678,Wokingham 001D,247.263,335.465,350.8,5.863
E01016619,Wokingham 002A,27.158,22.899,24.022,3.22
E01016620,Wokingham 002B,12.287,9.634,9.974,2.396
E01016692,Wokingham 002C,13.312,12.177,12.414,2.596
E01016693,Wokingham 002D,19.118,13.667,14.283,2.727
E01016694,Wokingham 002E,50.027,43.149,45.043,3.83
E01016695,Wokingham 002F,28.441,27.172,28.925,3.399
E01016621,Wokingham 003A,59.131,42.728,44.821,3.825
E01016623,Wokingham 003B,27.88,28.719,29.616,3.422
E01016624,Wokingham 003C,11.256,9.36,9.319,2.334
E01016684,Wokingham 003D,1391.787,757.476,826.853,6.719
E01016685,Wokingham 003E,1391.787,757.476,826.853,6.719
E01016622,Wokingham 004A,24.197,20.366,21.183,3.099
E01016657,Wokingham 004B,12.932,13.549,13.896,2.701
E01016658,Wokingham 004C,20.888,15.051,15.885,2.826
E01016659,Wokingham 004D,24.687,19.773,20.661,3.076
E01016660,Wokingham 004E,10.654,9.006,9.214,2.324
E01016615,Wokingham 005A,43.663,30.581,32.421,3.509
E01016616,Wokingham 005B,53.123,51.526,53.422,3.997
E01016617,Wokingham 005C,46.409,37.512,38.684,3.681
E01016662,Wokingham 005D,20.904,17.627,18.443,2.967
E01016613,Wokingham 006A,1350.091,1366.994,1402.567,7.247
E01016614,Wokingham 006B,11.511,10.12,10.553,2.447
E01016618,Wokingham 006C,8.225,6.902,6.963,2.075
E01016664,Wokingham 006D,28.733,26.819,28.321,3.378
E01016668,Wokingham 006E,19.675,15.125,15.948,2.83
E01016669,Wokingham 006F,16.283,13.161,13.617,2.682
E01016661,Wokingham 007A,12.782,10.354,10.731,2.462
E01016663,Wokingham 007B,10.501,9.568,9.829,2.382
E01016686,Wokingham 007C,8.077,6.937,7.128,2.095
E01016687,Wokingham 007D,9.364,7.6,7.812,2.176
E01016688,Wokingham 007E,24.606,15.972,16.977,2.889
E01016689,Wokingham 007F,18.1,13.233,13.654,2.685
E01016652,Wokingham 008B,8.659,7.488,7.694,2.163
E01016653,Wokingham 008C,46.238,43.918,45.39,3.837
E01016665,Wokingham 008D,23.311,19.003,20.119,3.05
E01016666,Wokingham 008E,9.618,10.795,11.148,2.497
E01016647,Wokingham 009A,17.402,16.567,17.223,2.903
E01016701,Wokingham 009B,25.761,31.468,33.155,3.531
E01016702,Wokingham 009C,747.377,576.123,618.587,6.429
E01016703,Wokingham 009D,35.179,38.768,40.692,3.73
E01016704,Wokingham 009E,32.96,32.795,34.615,3.573
E01016627,Wokingham 010A,65.184,45.147,47.183,3.875
E01016628,Wokingham 010B,56.407,34.574,36.574,3.626
E01016656,Wokingham 010C,131.184,84.701,89.549,4.506
E01016700,Wokingham 010D,171.759,159.973,167.594,5.127
E01016644,Wokingham 011A,23.267,16.774,17.696,2.928
E01016645,Wokingham 011B,18.248,15.605,16.183,2.844
E01016646,Wokingham 011C,12.216,11.808,12.252,2.584
E01016648,Wokingham 011D,12.394,12.5,13.025,2.641
E01016649,Wokingham 011E,32.106,28.301,28.421,3.382
E01016651,Wokingham 012A,10.746,9.388,9.33,2.335
E01016654,Wokingham 012B,26.9,23.36,24.349,3.233
E01016655,Wokingham 012C,12.602,10.622,11.179,2.5
E01016679,Wokingham 012D,69.744,46.786,46.75,3.866
E01016680,Wokingham 012E,24.853,18.46,19.513,3.021
E01032759,Wokingham 012H,69.744,46.786,46.75,3.866
E01016626,Wokingham 013A,201.471,169.575,181.705,5.208
E01016671,Wokingham 013B,46.274,41.211,43.017,3.785
E01016673,Wokingham 013C,22.735,23.587,24.171,3.226
E01016674,Wokingham 013D,15.855,10.469,10.877,2.475
E01016696,Wokingham 013E,146.873,140.793,146.314,4.993
E01016670,Wokingham 014A,37.946,28.063,29.238,3.409
E01016672,Wokingham 014B,29.752,22.508,23.801,3.211
E01016612,Wokingham 015A,38.182,34.762,36.382,3.621
E01016629,Wokingham 015B,9.796,8.654,8.898,2.292
E01016630,Wokingham 015C,10.137,9.002,9.201,2.322
E01016635,Wokingham 015D,13.836,12.267,12.831,2.627
E01016625,Wokingham 016A,37.643,37.159,38.555,3.678
E01016631,Wokingham 016B,9.067,7.204,7.352,2.123
E01016632,Wokingham 016C,11.937,10.428,10.758,2.465
E01016634,Wokingham 016D,333.263,330.03,341.242,5.836
E01016699,Wokingham 016E,58.482,53.587,55.795,4.039
E01016690,Wokingham 017C,783.651,766.47,832.981,6.726
E01016691,Wokingham 017D,29.515,25.86,26.46,3.313
E01016611,Wokingham 018B,43.655,37.042,35.772,3.605
E01016633,Wokingham 019A,17.318,18.778,18.99,2.995
E01016636,Wokingham 019B,11.459,10.813,11.223,2.503
E01016637,Wokingham 019C,11.116,9.154,9.346,2.337
E01016638,Wokingham 019D,9.662,9.132,9.444,2.346
E01016639,Wokingham 019E,21.736,16.569,17.23,2.903
E01016640,Wokingham 019F,40.263,35.846,37.856,3.66
E01016643,Wokingham 019G,9.485,8.012,8.253,2.225
E01016705,Wokingham 020A,155.784,134.112,140.952,4.955
E01016706,Wokingham 020B,15.727,14.46,15.181,2.784
E01016707,Wokingham 020C,13.339,12.191,12.564,2.607
E01016708,Wokingham 020D,16.258,15.402,15.86,2.825
E01016709,Wokingham 020E,24.298,19.154,20.104,3.049
E01028479,Cherwell 001A,19.244,13.09,13.573,2.679
E01028480,Cherwell 001B,25.275,21.886,22.957,3.176
E01028508,Cherwell 001C,26.364,26.295,27.444,3.348
E01028441,Cherwell 002A,20.227,19.308,20.366,3.062
E01028443,Cherwell 002C,16.99,14.592,15.233,2.787
E01028444,Cherwell 002D,10.592,9.649,10.084,2.406
E01032943,Cherwell 002E,13.533,10.325,11.119,2.495
E01032944,Cherwell 002F,7.548,6.796,7.109,2.093
E01028445,Cherwell 003A,158.399,156.879,160.369,5.084
E01028446,Cherwell 003B,159.992,159.304,161.77,5.092
E01028447,Cherwell 003C,6.676,6.285,6.344,1.994
E01028448,Cherwell 003D,10.119,8.394,8.824,2.285
E01028435,Cherwell 004A,204.537,177.198,184.366,5.222
E01028437,Cherwell 004C,359.156,315.28,323.179,5.781
E01028439,Cherwell 004E,16.206,13.627,14.333,2.73
E01028440,Cherwell 004F,9.86,8.749,9.071,2.31
E01032941,Cherwell 004G,275.222,248.391,261.631,5.571
E01032942,Cherwell 004H,79.556,91.363,91.615,4.528
E01028449,Cherwell 005A,6.22,5.479,5.684,1.9
E01028450,Cherwell 005B,10.547,9.477,9.966,2.395
E01028451,Cherwell 005C,9.651,8.096,8.546,2.256
E01028452,Cherwell 005D,6.108,3.914,3.736,1.555
E01028453,Cherwell 005E,5.359,4.852,4.963,1.786
E01028454,Cherwell 005F,12.53,9.955,10.23,2.419
E01028430,Cherwell 006A,131.306,113.078,117.532,4.775
E01028431,Cherwell 006B,35.165,33.177,33.901,3.553
E01028432,Cherwell 006C,21.97,21.499,21.942,3.133
E01028433,Cherwell 006D,16.095,15.185,15.791,2.821
E01028434,Cherwell 006E,44.97,38.576,40.687,3.73
E01028426,Cherwell 007A,14.355,12.531,13.301,2.66
E01028427,Cherwell 007B,55.881,47.832,50.714,3.946
E01028428,Cherwell 007C,55.881,47.832,50.714,3.946
E01028429,Cherwell 007D,38.968,37.759,39.911,3.711
E01028422,Cherwell 008A,198.691,142.301,155.817,5.055
E01028423,Cherwell 008B,23.502,28.005,29.392,3.414
E01028476,Cherwell 008D,51.991,37.444,39.863,3.71
E01028474,Cherwell 009A,29.939,27.745,29.109,3.405
E01028485,Cherwell 009B,20.77,16.209,17.13,2.898
E01028486,Cherwell 009C,35.728,26.606,27.132,3.337
E01028503,Cherwell 009D,10.576,11.07,11.652,2.538
E01028504,Cherwell 009E,28.647,20.975,21.651,3.12
E01028481,Cherwell 010A,32.975,31.109,32.065,3.498
E01028482,Cherwell 010B,15.672,13.322,13.864,2.699
E01028506,Cherwell 010D,85.471,73.44,77.369,4.361
E01028507,Cherwell 010E,20.802,18.566,19.156,3.004
E01028477,Cherwell 011B,87.269,82.109,86.143,4.468
E01028478,Cherwell 011C,8.532,7.022,7.031,2.083
E01028483,Cherwell 011D,58.372,33.91,35.508,3.598
E01028484,Cherwell 011E,78.552,35.169,34.728,3.576
E01028499,Cherwell 011F,62.808,33.338,35.336,3.593
E01028459,Cherwell 012A,12.225,10.962,11.381,2.516
E01028460,Cherwell 012B,12.107,10.991,10.669,2.457
E01028461,Cherwell 012C,19.782,13.072,13.402,2.667
E01028462,Cherwell 012D,20.632,16.554,17.599,2.923
E01028455,Cherwell 013A,287.977,226.704,232.293,5.452
E01028456,Cherwell 013B,50.296,48.664,50.329,3.938
E01028457,Cherwell 013C,22.407,21.942,23.232,3.188
E01028458,Cherwell 013D,9.428,7.635,7.935,2.19
E01028467,Cherwell 013E,62.946,54.939,57.618,4.071
E01028466,Cherwell 014A,19.57,13.545,13.481,2.673
E01028469,Cherwell 014B,16.878,17.57,18.453,2.968
E01028470,Cherwell 014C,33.43,30.632,32.646,3.516
E01028471,Cherwell 014D,6.514,6.386,6.625,2.031
E01028472,Cherwell 014E,6.422,5.606,5.793,1.916
E01028473,Cherwell 014F,37.031,34.181,36.054,3.612
E01028463,Cherwell 015A,81.126,79.333,86.461,4.471
E01028464,Cherwell 015B,14.804,17.573,18.429,2.967
E01028465,Cherwell 015C,6.97,7.388,7.628,2.155
E01028497,Cherwell 016B,91.978,89.997,92.417,4.537
E01028498,Cherwell 016C,34.885,28.969,29.91,3.431
E01028500,Cherwell 016D,119.835,155.489,163.556,5.103
E01028501,Cherwell 016E,20.328,20.055,20.624,3.074
E01028502,Cherwell 016F,26.689,23.217,24.316,3.231
E01028487,Cherwell 017A,25.894,21.067,21.254,3.103
E01028489,Cherwell 017B,15.887,14.618,15.221,2.786
E01028490,Cherwell 017C,7.905,6.347,6.619,2.031
E01028491,Cherwell 017D,115.919,107.553,114.52,4.749
E01028494,Cherwell 017E,5.318,4.167,4.204,1.649
E01028492,Cherwell 018A,20.085,19.085,19.906,3.04
E01028493,Cherwell 018B,7.599,7.696,8.008,2.198
E01028495,Cherwell 018C,7.129,4.372,4.151,1.639
E01028496,Cherwell 018D,8.425,7.236,7.404,2.129
E01028488,Cherwell 019A,676.732,687.018,721.694,6.583
E01028510,Cherwell 019B,56.834,45.832,48.294,3.898
E01028511,Cherwell 019C,225.578,207.68,215.966,5.38
E01028512,Cherwell 019D,19.63,20.602,21.886,3.131
E01028594,Oxford 001A,69.966,89.716,92.24,4.535
E01028595,Oxford 001B,14.776,10.444,10.902,2.477
E01028596,Oxford 001C,23.087,17.773,18.529,2.972
E01028597,Oxford 001D,15.399,13.501,14.134,2.717
E01028591,Oxford 002C,87.042,80.642,83.765,4.44
E01028592,Oxford 002D,118.949,92.537,97.137,4.586
E01032554,Oxford 002F,155.543,98.48,106.224,4.675
E01032555,Oxford 002G,17.079,16.775,17.453,2.915
E01028565,Oxford 003A,10.403,10.306,10.524,2.444
E01028584,Oxford 003C,47.628,51.237,51.567,3.962
E01028560,Oxford 004A,11.922,10.153,10.505,2.443
E01028561,Oxford 004B,28.418,20.058,20.932,3.088
E01028562,Oxford 004C,9.087,9.619,9.991,2.397
E01028563,Oxford 004D,15.542,12.405,13.032,2.641
E01028513,Oxford 005A,17.141,63.814,66.956,4.219
E01028514,Oxford 005B,6.53,5.376,5.57,1.883
E01028516,Oxford 005C,15.334,13.326,13.924,2.703
E01028538,Oxford 005D,17.141,63.814,66.956,4.219
E01028534,Oxford 006A,38.693,31.2,33.2,3.532
E01028535,Oxford 006B,41.661,38.702,40.64,3.729
E01028536,Oxford 006C,76.308,61.054,64.632,4.184
E01028537,Oxford 006D,334.932,278.839,304.631,5.722
E01028539,Oxford 006E,14.827,11.561,11.657,2.538
E01028540,Oxford 006F,334.932,278.839,304.631,5.722
E01028515,Oxford 007A,19.48,12.917,13.458,2.671
E01028571,Oxford 007B,23.647,34.765,35.175,3.588
E01028572,Oxford 007C,23.647,34.765,35.175,3.588
E01028573,Oxford 007D,16.616,13.7,14.003,2.708
E01028574,Oxford 007E,8.725,8.392,8.584,2.26
E01028521,Oxford 008A,2349.57,1786.11,1889.706,7.545
E01028522,Oxford 008B,321.408,329.892,342.73,5.84
E01028548,Oxford 009A,96.603,107.789,116.197,4.764
E01028549,Oxford 009B,102.329,118.259,121.262,4.806
E01028550,Oxford 009C,96.603,107.789,116.197,4.764
E01028551,Oxford 009D,66.207,61.803,65.463,4.197
E01028523,Oxford 010A,146.085,111.072,114.876,4.753
E01028524,Oxford 010B,146.085,111.072,114.876,4.753
E01028525,Oxford 010C,146.085,111.072,114.876,4.753
E01028526,Oxford 010D,146.085,111.072,114.876,4.753
E01028579,Oxford 011A,35.88,37.201,39.74,3.707
E01028580,Oxford 011B,40.348,31.478,32.633,3.516
E01028581,Oxford 011C,8.139,7.178,7.191,2.103
E01028582,Oxford 011D,34.634,32.025,33.668,3.546
E01028586,Oxford 011E,12.861,11.984,12.321,2.589
E01028587,Oxford 011F,55.849,30.587,32.105,3.5
E01028588,Oxford 011G,88.765,78.525,82.787,4.428
E01028541,Oxford 012A,22.088,16.838,17.872,2.938
E01028542,Oxford 012B,18.799,17.332,17.973,2.943
E01028543,Oxford 012C,28.895,16.735,17.811,2.934
E01028544,Oxford 012D,9.198,9.027,9.354,2.337
E01028531,Oxford 013A,30.461,29.021,30.954,3.464
E01028532,Oxford 013B,35.198,26.81,28.263,3.376
E01028556,Oxford 013D,46.061,24.293,24.013,3.219
E01028557,Oxford 013E,1063.39,964.77,1013.203,6.922
E01028558,Oxford 013F,61.076,44.829,45.746,3.845
E01028559,Oxford 013G,8.034,7.973,8.27,2.227
E01028545,Oxford 014A,13.112,11.106,11.542,2.529
E01028546,Oxford 014B,22.033,17.713,15.776,2.82
E01028547,Oxford 014C,17.888,16.842,17.401,2.912
E01028527,Oxford 015A,22.715,23.802,25.214,3.266
E01028528,Oxford 015B,38.991,45.152,44.995,3.829
E01028529,Oxford 015C,269.278,363.44,386.277,5.959
E01028530,Oxford 015D,12.825,22.961,24.364,3.233
E01028575,Oxford 015E,22.715,23.802,25.214,3.266
E01028578,Oxford 015F,15.085,13.587,14.228,2.723
E01028552,Oxford 016A,44.361,40.413,41.766,3.756
E01028553,Oxford 016B,607.047,670.23,727.166,6.591
E01028554,Oxford 016C,44.361,40.413,41.766,3.756
E01028555,Oxford 016D,24.51,21.416,22.169,3.143
E01028576,Oxford 016E,6.8,5.602,5.778,1.914
E01028577,Oxford 016F,16.343,17.436,18.21,2.955
E01028517,Oxford 017A,7.371,7.892,8.123,2.211
E01028518,Oxford 017B,22.22,19.838,21.138,3.097
E01028519,Oxford 017C,87.255,68.857,70.713,4.273
E01028567,Oxford 017D,11.36,9.33,9.651,2.366
E01028520,Oxford 018A,20.058,15.231,15.5,2.803
E01028568,Oxford 018B,20.559,24.73,26.101,3.3
E01028569,Oxford 018C,10.985,8.959,9.199,2.322
E01028570,Oxford 018D,8.65,7.745,7.977,2.195
E01028666,South Oxfordshire 001A,123.003,195.683,202.264,5.315
E01028667,South Oxfordshire 001B,10.024,9.807,10.139,2.41
E01028668,South Oxfordshire 001C,10.176,9.876,10.267,2.422
E01028669,South Oxfordshire 001D,142.482,133.637,137.216,4.929
E01028638,South Oxfordshire 002A,32.951,25.764,26.972,3.331
E01028639,South Oxfordshire 002B,47.864,34.78,36.88,3.634
E01028640,South Oxfordshire 002C,20.969,19.99,21.093,3.095
E01028683,South Oxfordshire 002D,31.714,17.079,17.342,2.909
E01028670,South Oxfordshire 003A,29.259,32.312,32.57,3.514
E01028671,South Oxfordshire 003B,50.492,45.115,47.019,3.872
E01028672,South Oxfordshire 003C,152.155,116.701,124.102,4.829
E01028673,South Oxfordshire 003D,115.478,120.808,124.462,4.832
E01028646,South Oxfordshire 004A,107.567,80.727,84.976,4.454
E01028647,South Oxfordshire 004B,108.551,97.975,101.836,4.633
E01028681,South Oxfordshire 004C,14.976,14.75,15.305,2.791
E01028682,South Oxfordshire 004D,36.676,32.742,34.001,3.555
E01028684,South Oxfordshire 004E,16.465,14.711,14.998,2.772
E01028598,South Oxfordshire 005A,57.213,43.113,45.559,3.841
E01028613,South Oxfordshire 005B,44.976,38.785,41.479,3.749
E01028614,South Oxfordshire 005C,24.403,16.862,17.82,2.935
E01028615,South Oxfordshire 005D,23.736,20.243,20.998,3.091
E01028616,South Oxfordshire 005E,16.382,15.217,15.701,2.815
E01028604,South Oxfordshire 006A,27.328,19.202,18.982,2.995
E01028605,South Oxfordshire 006B,16.411,20.277,20.848,3.084
E01028607,South Oxfordshire 006C,22.684,20.206,21.036,3.093
E01028641,South Oxfordshire 006D,19.047,15.943,16.403,2.857
E01028657,South Oxfordshire 006E,64.11,60.912,64.285,4.179
E01028658,South Oxfordshire 006F,79.606,67.446,70.537,4.27
E01028600,South Oxfordshire 007A,16.483,14.728,15.234,2.787
E01028603,South Oxfordshire 007B,42.138,27.059,27.959,3.366
E01028606,South Oxfordshire 007C,25.791,24.359,25.459,3.276
E01028609,South Oxfordshire 007D,13.48,10.343,10.683,2.458
E01028610,South Oxfordshire 007E,89.497,80.918,83.599,4.438
E01028678,South Oxfordshire 008A,27.613,30.559,31.76,3.489
E01028679,South Oxfordshire 008B,45.312,40.398,41.771,3.756
E01028680,South Oxfordshire 008C,33.491,31.193,31.59,3.484
E01028625,South Oxfordshire 009A,138.133,115.118,120.227,4.798
E01028626,South Oxfordshire 009B,11.874,11.808,12.215,2.581
E01028627,South Oxfordshire 009C,13.672,9.421,9.766,2.376
E01028628,South Oxfordshire 009D,26.722,22.08,23.219,3.187
E01028629,South Oxfordshire 009E,13.676,10.606,10.97,2.482
E01028622,South Oxfordshire 010B,21.341,14.726,15.573,2.808
E01028623,South Oxfordshire 010C,151.83,145.118,152.357,5.033
E01028624,South Oxfordshire 010D,50.363,41.482,43.772,3.802
E01028599,South Oxfordshire 011A,122.08,49.944,50.763,3.947
E01028601,South Oxfordshire 011B,87.952,82.203,85.627,4.462
E01028602,South Oxfordshire 011C,87.952,82.203,85.627,4.462
E01028608,South Oxfordshire 012A,17.626,13.028,13.644,2.684
E01028617,South Oxfordshire 012B,159.867,146.068,153.606,5.041
E01028674,South Oxfordshire 012C,114.453,85.538,89.208,4.502
E01028675,South Oxfordshire 012D,8.252,6.32,6.408,2.003
E01028676,South Oxfordshire 012E,47.663,41.94,44.515,3.818
E01028677,South Oxfordshire 012F,62.007,62.819,64.708,4.185
E01028630,South Oxfordshire 013A,10.15,8.66,8.891,2.292
E01028631,South Oxfordshire 013B,22.677,19.658,20.336,3.06
E01028632,South Oxfordshire 013C,9.364,8.95,9.225,2.325
E01028633,South Oxfordshire 013D,10.344,9.42,9.746,2.375
E01028634,South Oxfordshire 014A,11.438,8.863,9.252,2.327
E01028635,South Oxfordshire 014B,24.964,19.81,20.581,3.072
E01028636,South Oxfordshire 014C,13.749,10.401,10.465,2.439
E01028637,South Oxfordshire 014D,20.408,16.625,17.428,2.914
E01028619,South Oxfordshire 015B,24.729,22.096,23.121,3.183
E01028644,South Oxfordshire 015C,23.221,21.309,22.054,3.138
E01028649,South Oxfordshire 015E,28.265,22.6,23.665,3.205
E01028650,South Oxfordshire 016A,19.609,19.208,19.946,3.042
E01028651,South Oxfordshire 016B,31.083,26.386,27.743,3.358
E01028652,South Oxfordshire 016C,159.73,145.789,150.65,5.022
E01028653,South Oxfordshire 017A,124.96,134.976,142.073,4.963
E01028654,South Oxfordshire 017B,12.808,11.536,11.91,2.558
E01028655,South Oxfordshire 017C,152.279,102.617,109.74,4.707
E01028656,South Oxfordshire 017D,21.648,15.797,15.78,2.82
E01028611,South Oxfordshire 018A,20.876,20.701,20.691,3.077
E01028642,South Oxfordshire 018B,26.363,20.723,21.451,3.111
E01028643,South Oxfordshire 018C,85.943,153.264,158.775,5.074
E01028645,South Oxfordshire 018D,24.122,24.204,24.87,3.253
E01028685,South Oxfordshire 018E,12.915,11.367,11.834,2.552
E01028686,South Oxfordshire 018F,85.943,153.264,158.775,5.074
E01028612,South Oxfordshire 019A,369.23,316.833,337.53,5.825
E01028660,South Oxfordshire 019B,42.278,39.771,41.429,3.748
E01028661,South Oxfordshire 019C,21.991,22.242,23.146,3.184
E01028662,South Oxfordshire 019D,369.23,316.833,337.53,5.825
E01028659,South Oxfordshire 020A,30.054,26.654,27.643,3.355
E01028663,South Oxfordshire 020B,23.871,20.274,20.993,3.091
E01028664,South Oxfordshire 020C,24.279,23.294,24.519,3.239
E01028665,South Oxfordshire 020D,10.82,9.221,9.419,2.344
E01028708,Vale of White Horse 001A,47.096,53.492,57.003,4.06
E01028709,Vale of White Horse 001B,21.78,19.512,20.396,3.063
E01028710,Vale of White Horse 001C,49.884,47.279,49.597,3.924
E01028711,Vale of White Horse 001D,22.041,26.597,26.922,3.329
E01028733,Vale of White Horse 002A,34.157,26.04,27.356,3.345
E01028734,Vale of White Horse 002B,14.507,11.587,11.999,2.565
E01028735,Vale of White Horse 002C,14.067,12.917,13.493,2.674
E01028740,Vale of White Horse 002D,14.754,11.979,12.647,2.614
E01028741,Vale of White Horse 002E,29.144,31.184,32.225,3.503
E01028742,Vale of White Horse 002F,193.969,164.674,173.034,5.159
E01028738,Vale of White Horse 003A,78.553,72.309,75.388,4.336
E01028739,Vale of White Horse 003B,72.088,58.601,61.446,4.134
E01028743,Vale of White Horse 003C,78.553,72.309,75.388,4.336
E01028744,Vale of White Horse 003D,20.125,17.539,17.96,2.942
E01028750,Vale of White Horse 003E,18.423,16.98,17.787,2.933
E01028751,Vale of White Horse 003F,24.96,24.93,25.559,3.279
E01028752,Vale of White Horse 003G,47.125,42.189,44.831,3.825
E01028693,Vale of White Horse 004A,14.547,11.223,11.691,2.541
E01028694,Vale of White Horse 004B,10.729,9.115,9.342,2.336
E01028701,Vale of White Horse 004C,8.711,7.446,7.666,2.159
E01028705,Vale of White Horse 004D,6.598,7.738,8.02,2.199
E01028706,Vale of White Horse 004E,8.95,7.898,8.164,2.215
E01028707,Vale of White Horse 004F,9.56,9.398,9.678,2.368
E01028688,Vale of White Horse 005A,15.019,14.814,15.32,2.792
E01028689,Vale of White Horse 005B,119.844,148.527,150.24,5.019
E01028695,Vale of White Horse 005C,11.601,9.787,10.109,2.408
E01028699,Vale of White Horse 005D,29.112,34.307,35.761,3.604
E01028696,Vale of White Horse 006B,39.325,29.928,31.356,3.477
E01028697,Vale of White Horse 006C,21.426,17.437,18.132,2.951
E01028698,Vale of White Horse 006D,392.426,325.427,339.04,5.829
E01028700,Vale of White Horse 006E,41.373,37.097,38.787,3.684
E01028703,Vale of White Horse 006F,58.494,55.257,57.737,4.073
E01033305,Vale of White Horse 006G,119.669,112.483,118.832,4.786
E01033306,Vale of White Horse 006H,91.026,82.728,85.352,4.458
E01028726,Vale of White Horse 007A,72.121,65.378,68.981,4.248
E01028737,Vale of White Horse 007C,60.866,50.927,52.362,3.977
E01028690,Vale of White Horse 008A,9.762,9.23,9.528,2.354
E01028691,Vale of White Horse 008B,12.518,11.828,12.48,2.601
E01028692,Vale of White Horse 008C,7.037,6.059,6.197,1.974
E01028702,Vale of White Horse 008D,53.02,41.507,42.681,3.777
E01028704,Vale of White Horse 008E,30.686,24.484,25.737,3.286
E01028716,Vale of White Horse 009A,40.821,30.722,32.595,3.514
E01028717,Vale of White Horse 009B,33.998,30.166,31.676,3.487
E01028718,Vale of White Horse 009C,30.768,33.196,32.423,3.509
E01028719,Vale of White Horse 009D,19.744,18.571,19.373,3.014
E01028749,Vale of White Horse 009E,50.843,47.759,50.416,3.94
E01028731,Vale of White Horse 010B,36.305,32.633,34.388,3.566
E01028732,Vale of White Horse 010C,230.858,153.335,161.427,5.09
E01028753,Vale of White Horse 010D,680.613,582.68,605.485,6.408
E01028754,Vale of White Horse 010E,33.424,30.496,29.857,3.429
E01028721,Vale of White Horse 011A,12.325,8.319,8.719,2.274
E01028722,Vale of White Horse 011B,67.529,61.398,64.847,4.187
E01028723,Vale of White Horse 011C,67.529,61.398,64.847,4.187
E01028724,Vale of White Horse 011D,8.502,6.959,7.164,2.1
E01028725,Vale of White Horse 011E,32.313,25.147,26.828,3.326
E01028755,Vale of White Horse 014A,18.988,16.023,16.592,2.867
E01028758,Vale of White Horse 014C,10.288,8.091,8.354,2.236
E01028759,Vale of White Horse 014D,9.183,7.732,7.995,2.197
E01028760,Vale of White Horse 014E,14.793,13.218,13.661,2.685
E01028761,Vale of White Horse 014F,20.479,19.715,20.583,3.072
E01028712,Vale of White Horse 015A,47.322,27.238,28.64,3.389
E01028728,Vale of White Horse 015C,14.524,13.081,13.627,2.683
E01028729,Vale of White Horse 015D,353.797,244.267,260.4,5.566
E01028730,Vale of White Horse 015E,119.65,86.257,92.381,4.537
E01028757,Vale of White Horse 015F,30.068,37.524,38.861,3.685
E01028745,Vale of White Horse 016A,119.105,96.556,101.402,4.629
E01028746,Vale of White Horse 016B,28.629,22.355,23.762,3.209
E01028747,Vale of White Horse 016C,97.756,87.789,92.402,4.537
E01028748,Vale of White Horse 016D,26.267,22.707,23.806,3.211
E01028713,Vale of White Horse 016E,34.669,38.925,40.569,3.727
E01028715,Vale of White Horse 016F,51.509,40.16,43.107,3.787
E01028720,Vale of White Horse 016G,202.333,204.816,215.458,5.377
E01028780,West Oxfordshire 001A,87.826,69.099,72.328,4.295
E01028781,West Oxfordshire 001B,9.642,8.25,8.633,2.265
E01028782,West Oxfordshire 001C,39.18,43.119,44.456,3.817
E01028783,West Oxfordshire 001D,35.247,33.205,33.903,3.553
E01028795,West Oxfordshire 002A,90.709,61.647,65.707,4.2
E01028796,West Oxfordshire 002B,33.262,26.224,27.421,3.347
E01028797,West Oxfordshire 002C,130.963,112.957,117.558,4.775
E01028806,West Oxfordshire 002D,26.739,24.748,25.747,3.286
E01028763,West Oxfordshire 003A,49.653,39.211,41.141,3.741
E01028776,West Oxfordshire 003B,42.662,39.203,40.393,3.723
E01028798,West Oxfordshire 003C,32.231,24.099,25.112,3.262
E01028804,West Oxfordshire 004B,17.743,13.791,14.488,2.74
E01028823,West Oxfordshire 004D,37.98,35.004,36.114,3.614
E01028824,West Oxfordshire 004E,39.91,49.627,51.611,3.963
E01028825,West Oxfordshire 004F,92.369,73.757,79.096,4.383
E01028777,West Oxfordshire 005A,25.808,21.582,22.74,3.167
E01028778,West Oxfordshire 005B,11.803,11.694,12.053,2.569
E01028779,West Oxfordshire 005C,12.115,11.724,12.304,2.588
E01028799,West Oxfordshire 005D,46.104,35.022,34.931,3.582
E01028788,West Oxfordshire 006A,54.774,45.751,48.063,3.893
E01028789,West Oxfordshire 006B,26.246,18.778,19.661,3.028
E01028790,West Oxfordshire 006C,68.156,65.837,68.078,4.235
E01028791,West Oxfordshire 006D,22.023,16.312,16.996,2.89
E01028784,West Oxfordshire 007A,93.996,102.25,106.129,4.674
E01028792,West Oxfordshire 007B,49.502,40.465,43.031,3.785
E01028793,West Oxfordshire 007C,26.448,23.18,24.045,3.221
E01028794,West Oxfordshire 007D,23.066,18.962,19.697,3.03
E01028810,West Oxfordshire 008A,7.472,6.866,7.062,2.087
E01028811,West Oxfordshire 008B,16.826,13.774,14.261,2.725
E01028813,West Oxfordshire 008D,11.826,10.488,10.842,2.472
E01028814,West Oxfordshire 008E,26.833,26.06,27.053,3.334
E01028815,West Oxfordshire 008F,11.603,14.657,15.129,2.781
E01032947,West Oxfordshire 008G,24.777,27.952,30.061,3.436
E01032948,West Oxfordshire 008H,39.983,27.086,28.806,3.395
E01032952,West Oxfordshire 008I,20.319,18.335,19.127,3.002
E01028809,West Oxfordshire 009A,11.143,8.658,9.089,2.311
E01028820,West Oxfordshire 009B,219.434,185.191,195.726,5.282
E01028821,West Oxfordshire 009C,12.339,10.922,11.391,2.517
E01028822,West Oxfordshire 009D,43.041,21.261,22.995,3.178
E01028807,West Oxfordshire 010A,76.605,71.113,74.102,4.319
E01028808,West Oxfordshire 010B,34.72,22.492,23.683,3.206
E01028816,West Oxfordshire 010C,13.004,9.565,9.971,2.395
E01028817,West Oxfordshire 010D,6.838,5.818,5.897,1.931
E01028818,West Oxfordshire 010E,264.47,250.713,260.798,5.568
E01028819,West Oxfordshire 010F,55.437,50.988,53.067,3.99
E01028785,West Oxfordshire 011A,24.756,17.432,17.927,2.941
E01028786,West Oxfordshire 011B,21.777,16.673,17.458,2.915
E01028787,West Oxfordshire 011C,292.09,228.922,239.137,5.481
E01028800,West Oxfordshire 011D,55.063,51.285,53.882,4.005
E01028762,West Oxfordshire 012A,41.958,33.967,35.63,3.601
E01028767,West Oxfordshire 012C,82.519,63.692,67.373,4.225
E01028772,West Oxfordshire 013D,22.555,18.53,19.446,3.018
E01032949,West Oxfordshire 013E,26.417,23.469,24.862,3.253
E01032950,West Oxfordshire 013F,26.494,26.831,28.401,3.381
E01032951,West Oxfordshire 013G,108.788,94.349,100.773,4.623
E01032953,West Oxfordshire 013H,87.47,83.188,86.54,4.472
E01028771,West Oxfordshire 014A,28.403,26.915,28.12,3.371
E01028773,West Oxfordshire 014B,147.615,138.36,145.516,4.987
E01028774,West Oxfordshire 014C,147.615,138.36,145.516,4.987
E01028775,West Oxfordshire 014D,13.871,12.238,12.718,2.619
E01028764,West Oxfordshire 015A,24.914,22.281,23.334,3.192
E01028765,West Oxfordshire 015B,33.265,26.739,28.125,3.372
E01028801,West Oxfordshire 015C,101.785,96.523,99.629,4.611
E01028802,West Oxfordshire 015D,27.816,24.565,25.617,3.282
E01015519,Swindon 001A,16.131,15.127,15.755,2.819
E01015520,Swindon 001B,47.182,40.036,42.466,3.772
E01015521,Swindon 001C,94.153,61.546,63.637,4.169
E01015522,Swindon 001D,6.817,4.878,5.022,1.795
E01015523,Swindon 001E,21.086,16.064,15.917,2.828
E01015524,Swindon 001F,4.977,3.449,3.56,1.517
E01015543,Swindon 003A,13.004,13.211,14.025,2.71
E01015544,Swindon 003B,6.755,4.877,5.018,1.795
E01015545,Swindon 003C,7.356,4.818,4.834,1.764
E01015546,Swindon 003D,6.83,4.862,5.032,1.797
E01015513,Swindon 004A,8.066,11.138,11.652,2.538
E01015514,Swindon 004B,6.643,5.233,5.352,1.849
E01015515,Swindon 004C,5.253,4.563,4.418,1.69
E01015516,Swindon 004D,25.349,18.734,19.551,3.023
E01015517,Swindon 004E,7.218,5.105,5.185,1.822
E01015555,Swindon 005A,11.777,9.095,9.45,2.347
E01015556,Swindon 005B,24.611,17.802,18.285,2.959
E01015557,Swindon 005C,24.269,20.931,21.889,3.131
E01015558,Swindon 005D,8.066,7.792,8.031,2.201
E01015559,Swindon 005E,11.688,10.336,10.534,2.445
E01015560,Swindon 005F,20.749,17.538,18.156,2.953
E01015526,Swindon 006A,9.077,6.298,6.509,2.016
E01015528,Swindon 006B,9.359,6.493,6.401,2.002
E01015529,Swindon 006C,14.488,11.27,11.707,2.542
E01015530,Swindon 006D,20.742,19.2,20.54,3.07
E01015506,Swindon 007A,15.447,12.024,12.539,2.606
E01015507,Swindon 007B,6.181,3.465,3.285,1.455
E01015527,Swindon 007C,28.082,21.985,23.801,3.211
E01015580,Swindon 007D,10.626,6.072,6.346,1.994
E01015473,Swindon 008A,495.26,487.676,512.133,6.241
E01015547,Swindon 008C,316.009,185.827,201.122,5.309
E01015548,Swindon 008D,316.009,185.827,201.122,5.309
E01015549,Swindon 009A,457.8,462.003,482.431,6.181
E01015550,Swindon 009B,47.754,56.114,56.9,4.059
E01015551,Swindon 009C,457.8,462.003,482.431,6.181
E01015552,Swindon 009D,184.911,132.128,140.152,4.95
E01015553,Swindon 009E,10.99,8.877,9.194,2.322
E01015554,Swindon 009F,11.272,10.973,11.251,2.506
E01015508,Swindon 010A,6.604,3.966,3.958,1.601
E01015509,Swindon 010B,706.386,825.555,868.797,6.768
E01015510,Swindon 010C,37.88,29.723,31.374,3.477
E01015511,Swindon 010D,9.168,5.657,5.801,1.917
E01015562,Swindon 011A,18.859,12.838,13.402,2.667
E01015563,Swindon 011B,8.853,7.305,7.517,2.142
E01015565,Swindon 011C,15.312,11.416,11.834,2.552
E01015566,Swindon 011D,11.995,12.372,12.92,2.633
E01015578,Swindon 012B,202.928,189.743,195.951,5.283
E01015579,Swindon 012C,26.329,15.074,16.007,2.834
E01015581,Swindon 012D,222.95,210.185,219.221,5.395
E01015582,Swindon 012E,104.261,98.864,104.348,4.657
E01032708,Swindon 012F,74.089,61.102,63.881,4.173
E01032716,Swindon 012G,138.002,100.115,105.356,4.667
E01015481,Swindon 013A,15.851,13.127,13.85,2.698
E01015482,Swindon 013B,77.772,185.978,202.109,5.314
E01015483,Swindon 013C,7.25,5.126,5.294,1.84
E01015484,Swindon 013D,77.772,185.978,202.109,5.314
E01015485,Swindon 013E,10.289,7.541,7.804,2.175
E01015486,Swindon 013F,12.036,9.579,9.921,2.391
E01015561,Swindon 014A,251.871,211.175,222.471,5.409
E01015564,Swindon 014B,251.871,211.175,222.471,5.409
E01015567,Swindon 014C,36.07,34.744,35.604,3.6
E01015568,Swindon 014D,520.949,578.213,621.443,6.434
E01015475,Swindon 015A,99.694,108.735,118.778,4.786
E01015477,Swindon 015C,19.806,14.709,15.385,2.796
E01015480,Swindon 015D,13.183,10.533,10.772,2.466
E01015538,Swindon 016A,10.932,8.037,8.353,2.236
E01015572,Swindon 016B,11.495,10.135,10.046,2.402
E01015573,Swindon 016C,36.872,46.296,49.586,3.924
E01015575,Swindon 016D,30.818,24.268,25.656,3.283
E01015479,Swindon 017A,127.924,116.303,119.571,4.792
E01015493,Swindon 017B,74.525,61.56,64.694,4.185
E01015574,Swindon 017C,17.479,16.883,17.755,2.931
E01015576,Swindon 017D,74.525,61.56,64.694,4.185
E01015499,Swindon 018A,19.464,27.015,28.325,3.378
E01015500,Swindon 018B,6.596,4.391,4.505,1.706
E01015504,Swindon 018C,19.464,27.015,28.325,3.378
E01015505,Swindon 018D,7.027,4.989,5.151,1.817
E01015494,Swindon 019A,45.818,57.369,58.743,4.09
E01015496,Swindon 019C,21.155,22.762,23.276,3.189
E01015497,Swindon 019D,11.67,9.048,9.326,2.335
E01032714,Swindon 019E,123.529,118.958,122.875,4.819
E01032715,Swindon 019F,57.034,47.555,48.202,3.896
E01015537,Swindon 020A,17.395,11.897,12.401,2.595
E01015539,Swindon 020B,6.161,4.431,4.602,1.723
E01015540,Swindon 020C,13.423,9.229,9.373,2.339
E01015541,Swindon 020D,14.903,13.638,14.367,2.732
E01015542,Swindon 020E,5.362,3.995,4.063,1.622
E01015478,Swindon 021A,194.209,66.236,71.289,4.281
E01015498,Swindon 021B,8.954,8.724,8.678,2.27
E01015532,Swindon 021D,25.173,27.869,28.906,3.398
E01032706,Swindon 021E,8.705,0.009,-1.682,
E01032707,Swindon 021F,40.928,19.953,19.642,3.027
E01015501,Swindon 022A,410.402,331.788,349.988,5.861
E01015502,Swindon 022B,6.456,4.855,5.014,1.794
E01015503,Swindon 022C,3412.047,2366.034,2487.72,7.82
E01015569,Swindon 022D,24.916,25.344,26.198,3.303
E01015570,Swindon 022E,24.916,25.344,26.198,3.303
E01015571,Swindon 022F,9.311,7.794,7.635,2.156
E01015487,Swindon 023A,7.887,4.396,4.559,1.715
E01015488,Swindon 023B,57.559,77.616,78.218,4.372
E01015489,Swindon 023C,15.488,13.4,13.972,2.706
E01015490,Swindon 023D,5.126,3.968,4.118,1.633
E01015491,Swindon 023E,174.488,145.069,148.39,5.007
E01015492,Swindon 023F,81.796,80.329,82.509,4.425
E01015533,Swindon 024A,11.166,8.436,8.711,2.273
E01015534,Swindon 024B,81.715,83.093,84.834,4.452
E01015535,Swindon 024C,354.575,299.346,322.738,5.78
E01015584,Swindon 025B,12.988,15.825,16.596,2.868
E01015585,Swindon 025C,69.096,46.928,49.622,3.924
E01015586,Swindon 025D,8.566,8.984,9.333,2.335
E01015587,Swindon 025E,26.866,21.682,22.79,3.169
E01015588,Swindon 025F,15.173,15.339,15.12,2.78
E01015525,Swindon 026A,7.426,5.588,5.774,1.913
E01032700,Swindon 026B,8.302,9.676,10.132,2.41
E01032703,Swindon 026C,7.717,8.27,8.733,2.276
E01032705,Swindon 026D,7.855,7.792,8.236,2.223
E01032709,Swindon 026E,8.474,8.304,8.872,2.29
E01032713,Swindon 026F,22.418,21.514,23.381,3.194
E01032701,Swindon 027A,10.113,9.446,10.119,2.409
E01032702,Swindon 027B,12.622,10.958,11.652,2.538
E01032704,Swindon 027C,13.823,16.235,17.589,2.923
E01032711,Swindon 027D,10.113,9.446,10.119,2.409
E01032712,Swindon 027E,19.897,15.825,17.033,2.892
E01015471,Swindon 028A,15.064,13.162,13.858,2.699
E01015512,Swindon 028C,11.147,9.328,9.916,2.39
E01015518,Swindon 028D,8.509,7.502,7.885,2.184
E01032710,Swindon 028E,90.29,75.939,79.069,4.383
