LSOA21CD,MSOA21CD,log_voa_rv_2023,rv_per_working_age,sme_density,qualification_index,firm_size_diversity,rv_per_employee,sme_qual_interaction,employment_quality,modern_sector_leverage,asset_growth_diversity,log_total_GVA_2023,is_swindon,lsoa_total_employed,lsoa_home_or_no_fixed_count,lsoa_home_or_no_fixed_share,lsoa_workplace_commuters,lsoa_same_lsoa_worker_count,lsoa_same_lsoa_work_share,lsoa_out_commute_share,lsoa_workers_at_workplace,lsoa_inbound_worker_count,lsoa_local_worker_share,lsoa_in_commute_share,lsoa_outbound_from_swindon_count,lsoa_outbound_from_swindon_share,lsoa_inbound_to_swindon_count,lsoa_inbound_to_swindon_share
E01015471,E02006849,11.833714368540948,90.67135618421052,127.41652021089632,19.683655536028123,0.8961111111111111,2579.526687523068,2508.0228934306488,0.0210896309999999,9.02167545401289,8.157646108300952,2.7765807435093186,Swindon,1194,605,0.5067001675041876,584,0,0.0,1.0,14,14,0.0,1.0,192,0.3287671232876712,4,0.2857142857142857
E01015473,E02003219,16.268274056597637,8704.430254681649,408.8194763435921,13.321084060633895,0.9216639313218028,1848.735672170184,5445.91860999732,1.3242133670188334,5.398086351367983,2.7482907034227164,6.207099982931871,Swindon,987,526,0.5329280648429585,456,67,0.1469298245614035,0.8530701754385965,6086,6019,0.0110088728228721,0.9889911271771278,139,0.3048245614035088,1037,0.1703910614525139
E01015475,E02003226,14.70764454868331,1371.742970207982,170.40898155573376,-0.1202886892381709,0.9058956916099772,1954.9269097777108,-20.498273025750866,0.1169473402833466,-0.0349225226820496,11.903836124932717,4.612086215029821,Swindon,1327,186,0.1401657874905802,1137,8,0.0070360598065083,0.9929639401934915,259,251,0.0308880308880308,0.9691119691119692,233,0.2049252418645558,39,0.1505791505791505
E01015477,E02003226,13.53689131440145,587.1427583397983,234.9364289662797,3.593145384190162,0.9058956916099772,4248.534256952898,844.1607453183079,0.1381978993919292,1.0431712405713374,14.288139966478166,3.035241406648704,Swindon,876,328,0.3744292237442922,546,10,0.0183150183150183,0.9816849816849816,302,292,0.0331125827814569,0.9668874172185432,127,0.2326007326007326,53,0.1754966887417218
E01015478,E02003232,14.753777684945357,2255.5588146513683,205.90043023970497,11.370620774431474,0.9048442906574394,8155.068718091049,2341.215709547968,0.1382913337430854,4.625337264175515,4.415879695029412,5.274070779473495,Swindon,880,403,0.4579545454545454,474,0,0.0,1.0,377,377,0.0,1.0,98,0.2067510548523206,75,0.1989389920424403
E01015479,E02003228,15.175216106792922,2275.143242990654,100.96930533117931,8.844911147011304,0.912,2503.665986919056,893.064534229736,0.7269789983844911,3.235943102565111,-22.12566431808,4.859223083459394,Swindon,1289,456,0.3537626066718386,831,25,0.0300842358604091,0.9699157641395908,1703,1678,0.0146799765120375,0.9853200234879624,206,0.2478941034897713,319,0.1873165002935995
E01015480,E02003226,14.531360109457898,905.2756911504424,141.8084751418085,-5.138471805138474,0.9058956916099772,12058.111604135436,-728.6788512458631,0.06006006,-1.4918143950402023,9.711791915393624,2.6520440643124705,Swindon,1840,244,0.1326086956521739,1592,7,0.0043969849246231,0.9956030150753769,108,101,0.0648148148148148,0.9351851851851852,318,0.1997487437185929,15,0.1388888888888889
E01015481,E02003224,13.226807918525536,488.1670306068601,97.36540664375715,7.101947312943873,0.8494809688581314,2841.115582839234,691.4839880873186,0.0859106529209622,1.8938526167850325,13.21572976510556,2.8244100022184053,Swindon,941,392,0.4165781083953241,548,5,0.0091240875912408,0.9908759124087592,119,114,0.042016806722689,0.957983193277311,135,0.2463503649635036,15,0.1260504201680672
E01015482,E02003224,11.096896852541963,83.60600705956908,133.75295043273013,2.911093627065304,0.8494809688581314,253.0069366687995,389.36736160590215,0.016522423288749,0.7762916338840808,15.207011303397875,4.36655760376995,Swindon,608,280,0.4605263157894737,326,8,0.0245398773006134,0.9754601226993864,502,494,0.0159362549800796,0.9840637450199204,67,0.205521472392638,148,0.2948207171314741
E01015483,E02003224,11.982625538147484,204.01841632653063,124.35991221653256,-0.658376005852233,0.8494809688581314,3718.5079027022607,-81.87558229325502,0.0274323335,-0.1755669348939287,14.852631883077658,2.110213200346589,Swindon,583,264,0.4528301886792453,319,0,0.0,1.0,2,2,0.0,1.0,70,0.219435736677116,0,0.0
E01015484,E02003224,12.74035301594897,406.24165571428574,116.27906976744188,-1.6415868673050618,0.8494809688581314,5939.166158947599,-190.88219387268165,0.068399453,-0.4377564979480163,-10.0550634467128,4.36655760376995,Swindon,665,302,0.4541353383458646,361,1,0.002770083102493,0.997229916897507,99,98,0.0101010101010101,0.98989898989899,83,0.2299168975069252,21,0.2121212121212121
E01015485,E02003224,13.590347208294045,711.5836737994453,128.8855193328279,8.112206218347236,0.8494809688581314,3133.519388429997,1045.545911386679,0.0151630022744503,2.1632549915592625,7.987196902711418,2.4238288002794097,Swindon,811,370,0.4562268803945746,439,0,0.0,1.0,1,1,0.0,1.0,106,0.2414578587699316,0,0.0
E01015486,E02003224,11.843523360672156,164.90403210900473,115.64625850340136,2.448979592585033,0.8494809688581314,2424.053634293054,283.2153270336433,0.068027211,0.653061224689342,7.988748245836427,2.567714760975316,Swindon,653,275,0.4211332312404288,374,9,0.0240641711229946,0.9759358288770054,104,95,0.0865384615384615,0.9134615384615384,90,0.2406417112299465,12,0.1153846153846153
E01015487,E02003234,11.148958219140242,75.2060558116883,163.55140186915887,3.271028037383175,0.9072,1609.375152454367,534.9812210673417,0.0186915888,1.1812045690550357,8.091724926014361,2.184589534756338,Swindon,759,313,0.4123847167325428,445,0,0.0,1.0,9,9,0.0,1.0,117,0.2629213483146067,0,0.0
E01015488,E02003234,12.66248119625156,349.58805481727575,163.77005347593584,-3.1417112299465195,0.9072,222.5461264160168,-514.5182161342897,0.5385790679908325,-1.1345068330362431,-2.5568947682208,4.070034793004519,Swindon,641,252,0.3931357254290171,389,27,0.0694087403598971,0.9305912596401028,1521,1494,0.0177514792899408,0.9822485207100592,97,0.2493573264781491,217,0.1426692965154503
E01015489,E02003234,12.66780806842022,379.6221076555024,168.6166551961459,9.359944941500348,0.9072,2206.350866382544,1578.242608855874,0.258086717136958,3.379980117764014,-3.4095856290048,2.802632843588158,Swindon,670,281,0.4194029850746268,388,10,0.0257731958762886,0.9742268041237112,202,192,0.0495049504950495,0.9504950495049505,94,0.2422680412371134,34,0.1683168316831683
E01015490,E02003234,13.590347208294045,711.5836737994453,196.31410256410257,7.371794871794876,0.9072,3133.519388429997,1447.1872945430646,0.0450721153846153,2.6620370370370385,7.987196902711418,1.812542008410584,Swindon,635,269,0.4236220472440944,362,0,0.0,1.0,7,7,0.0,1.0,98,0.2707182320441988,2,0.2857142857142857
E01015491,E02003234,14.561379968172329,2382.228918644068,176.51296829971182,-4.106628242074928,0.9072,1537.921676484967,-724.873140712073,0.3540551667352819,-1.482949087415946,-7.2417638378736,5.167570664499794,Swindon,611,230,0.3764320785597381,381,23,0.0603674540682414,0.9396325459317584,1390,1367,0.016546762589928,0.983453237410072,79,0.2073490813648294,296,0.2129496402877697
E01015492,E02003234,14.772218549920751,2915.0189070548718,180.1470588235294,-3.0882352941176485,0.9072,3523.929707600198,-556.3365051903116,0.2068014705882352,-1.115196078431373,7.2755397092970995,4.416379751045544,Swindon,654,238,0.363914373088685,415,5,0.0120481927710843,0.9879518072289156,671,666,0.007451564828614,0.992548435171386,98,0.236144578313253,134,0.1997019374068554
E01015493,E02003228,13.358090017988124,407.5422526722473,111.95700850873264,10.47917599641737,0.912,466.6875938993492,1173.2171961954064,0.2619793999104344,3.8338448767380617,-3.925383916272,4.324463727272736,Swindon,1193,390,0.3269069572506287,801,19,0.0237203495630461,0.976279650436954,675,656,0.0281481481481481,0.971851851851852,173,0.215980024968789,137,0.2029629629629629
E01015494,E02003230,16.042667570105944,4690.674365705615,253.04414003044133,9.322678843668188,0.8989349112426035,10272.554354242337,2359.0492507760064,0.456621005,2.776968166199034,-9.848160027947928,3.846267744362679,Swindon,1296,500,0.3858024691358024,793,18,0.0226986128625472,0.9773013871374528,943,925,0.0190880169671261,0.980911983032874,168,0.2118537200504413,94,0.0996818663838812
E01015496,E02003230,14.048955717832357,822.2282330729167,325.3424657534247,15.94911937377691,0.8989349112426035,2318.1100278402,5188.925823660296,0.1596135029354207,4.750801515593122,10.717441033742048,3.098063204651453,Swindon,1156,554,0.4792387543252595,602,7,0.0116279069767441,0.9883720930232558,160,153,0.04375,0.95625,126,0.2093023255813953,24,0.15
E01015497,E02003230,13.544790923155093,627.8430761316872,387.30343622597553,16.482236458940015,0.8989349112426035,4791.10371285792,6383.626817236523,0.0655212580081537,4.909602349471494,12.436981698564889,2.539236994333048,Swindon,878,428,0.4874715261958998,447,2,0.0044742729306487,0.9955257270693512,150,148,0.0133333333333333,0.9866666666666668,97,0.2170022371364653,18,0.12
E01015498,E02003232,11.553879701626109,83.01150820717132,190.2328222600795,18.114707552526973,0.9048442906574394,2436.3162599982493,3446.0119421331838,0.0170357751277683,7.368694597638091,-25.02422220434256,2.2979744804363627,Swindon,989,519,0.5247724974721941,468,0,0.0,1.0,14,14,0.0,1.0,122,0.2606837606837607,1,0.0714285714285714
E01015499,E02003229,10.348950644721173,35.28052009039548,91.64222873900292,18.035190615835777,0.8854166666666667,192.4894673906637,1652.7850637679412,0.1221896383186705,6.273109779421137,16.737207375368143,3.018667244836487,Swindon,728,407,0.5590659340659341,321,2,0.0062305295950155,0.9937694704049844,193,191,0.0103626943005181,0.9896373056994818,79,0.2461059190031152,62,0.3212435233160621
E01015500,E02003229,13.590347208294045,711.5836737994453,88.2768361581921,6.779661016949156,0.8854166666666667,3133.519388429997,598.4870248013026,0.0105932205,2.358142962417097,7.987196902711418,2.02762179295004,Swindon,808,352,0.4356435643564356,453,0,0.0,1.0,21,21,0.0,1.0,102,0.2251655629139073,1,0.0476190476190476
E01015501,E02003233,14.65969623309441,2762.5675249406177,268.9756816507001,9.506263817243918,0.9290123456790124,1629.9138780657763,2556.953790194569,0.2542372881355932,2.816670760664864,1.2608586847335124,6.019570838655752,Swindon,675,297,0.44,377,3,0.0079575596816976,0.9920424403183024,940,937,0.0031914893617021,0.996808510638298,128,0.3395225464190981,264,0.2808510638297872
E01015502,E02003233,10.403061157504672,32.795391323383086,232.929164007658,0.7657945118059981,0.9290123456790124,1712.9231167789658,178.3758754366237,0.0095724315,0.2269020775721476,12.143075192133198,2.0090190773832903,Swindon,720,277,0.3847222222222222,440,1,0.0022727272727272,0.9977272727272728,6,5,0.1666666666666666,0.8333333333333334,106,0.2409090909090909,3,0.5
E01015503,E02003233,14.858038029810274,3364.621381969158,281.4186584425598,-5.5512721665381655,0.9290123456790124,928.4920698212304,-1562.2315657566928,0.6341557440246722,-1.644821382677975,-4.019679633126543,8.135360719687952,Swindon,526,209,0.3973384030418251,317,14,0.0441640378548895,0.9558359621451104,1244,1230,0.0112540192926045,0.9887459807073956,65,0.2050473186119873,248,0.1993569131832797
E01015504,E02003229,11.969181479823735,177.12057508417507,99.601593625498,20.239043824701195,0.8854166666666667,1778.2727133007706,2015.8410183965336,0.0664010626666666,7.0396674172873706,16.378755217622622,3.018667244836487,Swindon,721,385,0.5339805825242718,333,3,0.009009009009009,0.990990990990991,66,63,0.0454545454545454,0.9545454545454546,109,0.3273273273273273,18,0.2727272727272727
E01015505,E02003229,10.402977841858116,31.3573951284491,87.22958827634334,7.885554780181435,0.8854166666666667,898.6771882931355,687.8536968057776,0.0087229588276343,2.742801662671803,13.42715362055155,2.08281085914944,Swindon,797,352,0.4416562107904642,443,0,0.0,1.0,1,1,0.0,1.0,123,0.2776523702031602,0,0.0
E01015506,E02003218,13.930066744048132,1129.2796022155085,83.500334001336,-10.153640614562462,0.8582230623818525,8452.59455491284,-847.8323826454962,0.1336005344021376,-1.9340267837261824,13.437670382662274,2.800143089759132,Swindon,655,252,0.3847328244274809,402,7,0.017412935323383,0.9825870646766168,113,106,0.0619469026548672,0.9380530973451328,90,0.2238805970149253,7,0.0619469026548672
E01015507,E02003218,10.401743891164084,31.0821334088763,76.21951219512195,-11.036585365853664,0.8582230623818525,1699.063744200561,-841.2031528851877,0.0036585365853658,-2.102206736353078,12.421973164666822,1.9714386491281808,Swindon,604,192,0.3178807947019867,411,7,0.0170316301703163,0.9829683698296836,203,196,0.0344827586206896,0.9655172413793104,72,0.1751824817518248,51,0.2512315270935961
E01015508,E02003221,10.355369893542676,30.838411462217863,292.7781392322707,-10.474951203643462,0.918646694,412.1565647763048,-3066.836721951567,0.039904576,-2.032453218617388,16.280456194816523,2.0286744246261827,Swindon,672,238,0.3541666666666667,433,2,0.0046189376443418,0.9953810623556582,89,87,0.0224719101123595,0.9775280898876404,76,0.1755196304849884,20,0.2247191011235955
E01015509,E02003221,16.324022768740477,9258.956691785985,236.84210526315792,1.2631578947368407,0.918646694,3998.184117691714,299.16897506925176,0.5954887218045113,0.24509033778476,4.466340977341604,6.561576485792391,Swindon,935,357,0.3818181818181818,575,29,0.0504347826086956,0.9495652173913044,2367,2338,0.0122517955217575,0.9877482044782424,139,0.2417391304347826,489,0.2065906210392902
E01015510,E02003221,15.39510574892958,3075.4055,199.64507542147297,-3.1055900621118,0.918646694,8155.23013542503,-620.0157621784871,0.5387248066928634,-0.6025771762306475,7.489132239865013,3.66047997959224,Swindon,1115,291,0.2609865470852018,819,22,0.0268620268620268,0.9731379731379732,496,474,0.0443548387096774,0.9556451612903226,156,0.1904761904761904,50,0.1008064516129032
E01015511,E02003221,12.705692820495898,247.4609855855856,233.6448598130841,-1.66147455867082,0.918646694,5016.844162260012,-388.1949903436495,0.0443925234,-0.3223756606376217,13.84532851667759,2.3192455338871527,Swindon,1001,309,0.3086913086913087,690,3,0.0043478260869565,0.9956521739130436,31,28,0.0967741935483871,0.9032258064516128,126,0.1826086956521739,5,0.1612903225806451
E01015512,E02006849,11.852346016037854,122.73808837412588,175.33252720677146,21.76541717049577,0.8961111111111111,1624.0488997191858,3816.18559821268,0.05038291,9.975816203143896,8.751820394222221,2.4970822257181338,Swindon,923,490,0.5308775731310943,431,1,0.0023201856148491,0.9976798143851509,53,52,0.0188679245283018,0.981132075471698,133,0.308584686774942,12,0.2264150943396226
E01015513,E02003215,12.275038027239283,200.63560271535584,90.3010033444816,10.367892976588632,0.8834019204389575,3999.256635342638,936.2311383541576,0.043896321,3.155445688526975,-26.084440733497942,2.204531152518657,Swindon,866,413,0.476905311778291,452,10,0.0221238938053097,0.9778761061946902,215,205,0.0465116279069767,0.9534883720930232,93,0.2057522123893805,26,0.1209302325581395
E01015514,E02003215,12.928522018711202,639.5858546583851,111.5702479338843,-1.3223140495867778,0.8834019204389575,8146.20025494993,-147.5309063588554,0.0706611573,-0.4024434063959758,1.205809799593305,2.033790196260747,Swindon,495,217,0.4383838383838384,274,4,0.0145985401459854,0.9854014598540146,38,34,0.1052631578947368,0.8947368421052632,60,0.218978102189781,3,0.0789473684210526
E01015515,E02003215,11.09552358477576,73.52077295758929,93.94572025052192,10.299234516353517,0.8834019204389575,7042.615366784918,967.5690046678668,0.0052192066805845,3.1345496354119398,13.495251635612943,1.8330613485851608,Swindon,725,346,0.4772413793103448,376,1,0.0026595744680851,0.9973404255319148,11,10,0.0909090909090909,0.9090909090909092,84,0.2234042553191489,0,0.0
E01015516,E02003215,12.721663988594536,483.2968222222223,103.92609699769054,-1.6936104695919916,0.8834019204389575,1195.8114642049045,-176.01032593912154,0.5388760585065434,-0.5154466646584321,2.30089783760329,3.27143032360309,Swindon,529,256,0.4839319470699433,270,4,0.0148148148148148,0.9851851851851852,285,281,0.0140350877192982,0.9859649122807016,57,0.2111111111111111,36,0.1263157894736842
E01015517,E02003215,11.069217557886809,87.53653693042291,101.73323285606632,-5.275056518462698,0.8834019204389575,1787.055585906289,-536.6485531216762,0.0571464456166791,-1.6054519838799512,16.91687290719459,2.106326870461218,Swindon,582,236,0.4054982817869416,345,1,0.0028985507246376,0.9971014492753624,56,55,0.0178571428571428,0.9821428571428572,60,0.1739130434782608,11,0.1964285714285714
E01015518,E02006849,10.575290616455437,37.57608664107485,199.44979367262724,16.574965612104542,0.8961111111111111,607.0527480158584,3305.8734714651423,0.0495185694635488,7.596859238881248,-4.606116139813889,2.252238718557307,Swindon,835,425,0.5089820359281437,409,11,0.0268948655256723,0.9731051344743276,105,94,0.1047619047619047,0.8952380952380953,131,0.3202933985330073,16,0.1523809523809524
E01015519,E02003212,13.589928459308831,923.6696050925924,204.2160737812912,1.3175230523451908,0.9120685311161502,9347.44183098126,269.0593848662774,0.098814229,0.4879715008685891,-17.862374626555805,2.8408896877483216,Swindon,599,246,0.4106844741235392,351,12,0.0341880341880341,0.9658119658119658,190,178,0.0631578947368421,0.936842105263158,135,0.3846153846153846,35,0.1842105263157894
E01015520,E02003212,15.011893763308514,4301.858817945384,236.28048780487805,17.530487804878046,0.9120685311161502,9406.71071256648,4142.11220999405,0.4573170731707317,6.492773261065942,8.695654764190781,3.874985507325583,Swindon,579,307,0.5302245250431779,271,27,0.0996309963099631,0.9003690036900369,475,448,0.0568421052631578,0.943157894736842,104,0.3837638376383764,95,0.2
E01015521,E02003212,14.5736061929714,2358.239819889503,200.38784744667092,12.92824822236587,0.9120685311161502,9728.485203739872,2590.6638325361478,0.06060116354234,4.788240082357729,-6.636029185487528,4.555486122409602,Swindon,808,396,0.4900990099009901,411,13,0.0316301703163017,0.9683698296836984,581,568,0.0223752151462994,0.9776247848537004,164,0.3990267639902676,68,0.1170395869191049
E01015522,E02003212,11.500840493477014,122.2744750618812,236.64122137404576,10.458015267175572,0.9120685311161502,4576.38763609319,2474.797505972845,0.035623409669211,3.873338987842803,14.67873488873822,2.0563008492381933,Swindon,653,303,0.4640122511485451,350,0,0.0,1.0,12,12,0.0,1.0,142,0.4057142857142857,4,0.3333333333333333
E01015523,E02003212,14.29094910127184,1758.1623344262296,187.53781004234725,17.967332123411985,0.9120685311161502,10568.090435465703,3369.5541187282006,0.0623865698729582,6.654567453115549,7.485198173570168,3.094943923624939,Swindon,739,407,0.550744248985115,332,9,0.0271084337349397,0.9728915662650602,177,168,0.0508474576271186,0.9491525423728814,131,0.394578313253012,56,0.3163841807909605
E01015524,E02003212,13.590347208294045,711.5836737994453,280.0361336946703,1.1743450767840995,0.9120685311161502,3133.519388429997,328.85905492599,0.009033424,0.4349426210311479,7.987196902711418,1.7879187698421173,Swindon,558,212,0.3799283154121863,346,0,0.0,1.0,3,3,0.0,1.0,115,0.3323699421965317,0,0.0
E01015525,E02006847,11.516260615168708,97.9815154296875,146.57980456026058,14.592833876221498,0.8730864197530864,3759.896368591114,2139.014737556897,0.008686210640608,6.633106307373407,10.12640726659839,2.131322163556825,Swindon,870,434,0.4988505747126436,435,1,0.0022988505747126,0.9977011494252872,4,3,0.25,0.75,119,0.2735632183908046,0,0.0
E01015526,E02003217,11.880045148907922,136.70082206439395,96.52509652509652,7.979407979407975,0.8666666666666667,3034.69088272664,770.2131254254801,0.018018018,1.9948519948519936,-17.601125169333333,2.3102555992982654,Swindon,837,383,0.4575866188769414,451,0,0.0,1.0,27,27,0.0,1.0,115,0.2549889135254989,15,0.5555555555555556
E01015527,E02003218,11.100801363445983,61.1479303508772,71.51029748283753,-6.578947368421051,0.8582230623818525,285.02955739111206,-470.4624834397205,0.0536327231121281,-1.2531328320801998,11.210601452053492,3.370119426091294,Swindon,779,353,0.4531450577663671,424,1,0.0023584905660377,0.9976415094339622,170,169,0.0058823529411764,0.9941176470588236,95,0.2240566037735849,31,0.1823529411764705
E01015528,E02003217,12.339842405367976,163.18695146324055,68.36827711941659,-1.276207839562442,0.8666666666666667,4773.62264243031,-87.25213123717698,0.0170920692798541,-0.3190519598906105,13.4561858802554,2.337855707075965,Swindon,917,331,0.3609596510359869,586,3,0.0051194539249146,0.9948805460750854,96,93,0.03125,0.96875,130,0.2218430034129692,23,0.2395833333333333
E01015529,E02003217,13.952897857889074,1056.4193379373849,86.80555555555556,-3.2986111111111125,0.8666666666666667,7301.919992952214,-286.3377700617285,0.2170138888888888,-0.8246527777777781,13.901330485026731,2.740065530534221,Swindon,718,312,0.4345403899721448,404,8,0.0198019801980198,0.9801980198019802,166,158,0.0481927710843373,0.9518072289156626,98,0.2425742574257425,17,0.1024096385542168
E01015530,E02003217,13.09808642897364,355.9494407002188,68.64988558352402,-3.5697940503432517,0.8666666666666667,2222.1276359459825,-245.065953112809,0.120137299771167,-0.8924485125858128,13.88866241529991,3.0792458737818085,Swindon,914,335,0.3665207877461707,578,3,0.0051903114186851,0.9948096885813148,189,186,0.0158730158730158,0.9841269841269842,134,0.231833910034602,29,0.1534391534391534
E01015532,E02003232,14.904733514826486,2533.6426521739127,197.7567886658796,24.91145218417946,0.9048442906574394,7464.309579551619,4926.4087849469415,0.2182071175577669,10.13347207492046,3.006186470487729,3.26472834505029,Swindon,887,491,0.5535512965050733,393,10,0.0254452926208651,0.9745547073791349,311,301,0.0321543408360128,0.9678456591639872,125,0.3180661577608142,36,0.1157556270096463
E01015533,E02003235,12.850456786065324,432.41965278093073,290.8496732026144,20.653594771241828,0.9056937255397046,5292.751793008694,6007.091289674911,0.0544662306666666,8.261437908496731,-18.66326957456382,2.4986451758985138,Swindon,680,387,0.5691176470588235,292,3,0.0102739726027397,0.9897260273972602,84,81,0.0357142857142857,0.9642857142857144,60,0.2054794520547945,20,0.238095238095238
E01015534,E02003235,15.746889153862565,4532.8604743758215,191.23334765792868,20.62741727546197,0.9056937255397046,8789.95489137292,3944.650059123582,0.3683467370618209,8.250966910184786,8.579311091944472,4.415400964058979,Swindon,1088,624,0.5735294117647058,462,20,0.0432900432900432,0.9567099567099568,829,809,0.0241254523522316,0.9758745476477684,94,0.2034632034632034,141,0.1700844390832328
E01015535,E02003235,13.286831408928045,430.8347535087719,197.2517730496454,20.03546099290779,0.9056937255397046,2777.0198255973223,3952.030204718071,0.0861899133175728,8.014184397163119,9.337311484919269,5.873736197456291,Swindon,1054,579,0.5493358633776091,472,4,0.0084745762711864,0.9915254237288136,280,276,0.0142857142857142,0.9857142857142858,130,0.2754237288135593,41,0.1464285714285714
E01015537,E02003231,11.070408489752944,52.441423322448976,62.43213897937024,-6.731813246471232,0.875,482.9810605441876,-420.2815001868576,0.0651465798045602,-1.602812677731245,13.776870812379787,2.9120788885567377,Swindon,764,210,0.2748691099476439,553,10,0.0180831826401446,0.9819168173598554,138,128,0.072463768115942,0.927536231884058,121,0.2188065099457504,14,0.1014492753623188
E01015538,E02003231,12.352500015807577,188.2416008130081,60.65400843881857,-8.491561181434603,0.875,5098.5201501290185,-515.0472235574787,0.02768987325,-2.0218002812939524,-2.509536383375,2.479223866652502,Swindon,771,218,0.2827496757457847,553,2,0.0036166365280289,0.9963833634719712,82,80,0.024390243902439,0.975609756097561,115,0.2079566003616636,12,0.1463414634146341
E01015539,E02003231,11.143692969268344,61.88493068039391,68.16834617664493,-8.891523414344991,0.875,6959.20951572393,-606.1204461468133,0.0044457615,-2.117029384367854,10.201230998209434,1.9686496360248027,Swindon,696,227,0.3261494252873563,468,0,0.0,1.0,7,7,0.0,1.0,115,0.2457264957264957,4,0.5714285714285714
E01015540,E02003231,12.52890507649868,214.44548338509315,61.333333333333336,-8.799999999999999,0.875,4232.39311168385,-539.7333333333332,0.0562962962962962,-2.095238095238094,-15.61692993,2.6688241546013733,Swindon,803,219,0.2727272727272727,582,4,0.0068728522336769,0.993127147766323,145,141,0.0275862068965517,0.9724137931034482,145,0.2491408934707903,16,0.1103448275862069
E01015541,E02003231,13.606820626518685,672.4489335542668,60.75013206550449,-9.87849973586899,0.875,4628.862068299391,-600.1201635630923,0.0830126028224284,-2.352023746635473,-1.86201141525,2.766507770673779,Swindon,683,208,0.3045387994143484,474,5,0.010548523206751,0.989451476793249,201,196,0.0248756218905472,0.9751243781094528,106,0.2236286919831223,27,0.1343283582089552
E01015542,E02003231,11.573354294444124,105.80497918326694,72.32704402515724,-8.176100628930818,0.875,3738.3104834240735,-591.353190142795,0.0080862534285714,-1.9466906259359085,7.52325840525,1.8503427933269525,Swindon,590,165,0.2796610169491525,424,0,0.0,1.0,3,3,0.0,1.0,76,0.1792452830188679,1,0.3333333333333333
E01015543,E02003214,11.75228150556401,132.75034284221525,52.459016393442624,-6.295081967213115,0.8533333333333333,1012.2136460428404,-330.2338081160978,0.0786885245901639,-1.5737704918032789,14.389317598908267,2.639343003092419,Swindon,661,277,0.4190620272314674,383,7,0.0182767624020887,0.9817232375979112,139,132,0.0503597122302158,0.9496402877697842,111,0.2898172323759791,18,0.1294964028776978
E01015544,E02003214,12.711868237269416,296.6546205724508,44.370493621741545,-10.593455352055464,0.8533333333333333,35653.597919305845,-470.03684313058073,0.004159734,-2.6483638380138657,12.4988128152296,2.0483377966285023,Swindon,641,209,0.3260530421216848,431,2,0.0046403712296983,0.9953596287703016,26,24,0.0769230769230769,0.9230769230769232,71,0.1647331786542923,2,0.0769230769230769
E01015545,E02003214,12.585646795109865,273.2069172897196,45.01969611705121,-7.653348339898706,0.8533333333333333,13870.401266308048,-344.5514165401781,0.0147720877884074,-1.9133370849746765,13.29293221130482,2.1229798436943192,Swindon,613,201,0.3278955954323002,412,4,0.0097087378640776,0.9902912621359224,90,86,0.0444444444444444,0.9555555555555556,73,0.1771844660194174,16,0.1777777777777777
E01015546,E02003214,11.98402733717633,138.79966672443675,42.89544235924933,-11.528150133796249,0.8533333333333333,17255.280771869446,-494.5050995730294,0.0040214475,-2.8820375334490618,13.995620436282804,2.057962510002712,Swindon,683,196,0.2869692532942899,487,0,0.0,1.0,15,15,0.0,1.0,84,0.1724845995893223,6,0.4
E01015547,E02003219,13.982324987527836,942.212110845295,444.3334997503744,25.31203195207189,0.9216639313218028,235.9062981878513,11246.983743057404,2.396405391912132,10.257163274695795,5.884393291072439,5.758930164641452,Swindon,990,586,0.591919191919192,401,52,0.1296758104738154,0.8703241895261845,5510,5458,0.0094373865698729,0.9905626134301272,139,0.3466334164588528,1714,0.311070780399274
E01015548,E02003219,14.328582881608934,1678.8084180904525,563.6478784040532,29.76567447751742,0.9216639313218028,7068.872881105453,16777.35926851837,0.1583280557314756,12.0619073046149,0.4958094309252104,5.758930164641452,Swindon,800,472,0.59,325,22,0.0676923076923076,0.9323076923076924,179,157,0.1229050279329608,0.8770949720670391,112,0.3446153846153846,46,0.2569832402234637
E01015549,E02003220,15.151673925542156,3065.607019339243,232.5581395348837,2.7906976744186043,0.9091358024691358,3389.681727649881,648.9994591671173,0.3617571059431525,0.8746962860118013,2.1454931358881697,6.128614385255216,Swindon,845,379,0.4485207100591716,461,18,0.0390455531453362,0.9609544468546638,1777,1759,0.0101294316263365,0.9898705683736636,97,0.210412147505423,297,0.1671356218345526
E01015550,E02003220,14.22375199317389,1094.7374650655022,200.62416406598308,0.0445831475702203,0.9091358024691358,3637.759962439002,8.944456712705813,0.105327686134641,0.0139738223727556,12.561250267943404,3.886787245359885,Swindon,903,378,0.4186046511627907,524,2,0.0038167938931297,0.9961832061068704,474,472,0.0042194092827004,0.9957805907172996,121,0.2309160305343511,124,0.2616033755274262
E01015551,E02003220,12.655312762277372,314.36627963891675,273.5562310030395,3.221884498480243,0.9091358024691358,795.5864942557462,881.3665801313734,0.2469604863221884,1.0098443950460465,-2.565378585470123,6.128614385255216,Swindon,795,363,0.4566037735849056,431,28,0.0649651972157772,0.9350348027842228,3668,3640,0.0076335877862595,0.9923664122137404,117,0.271461716937355,872,0.23773173391494
E01015552,E02003220,15.18110454892242,2581.059714756258,193.71502367628068,7.748600947051223,0.9091358024691358,2447.2636866878543,1501.0204159160785,0.2373009040034438,2.4286659684787413,6.796575525309482,5.225268064574461,Swindon,1166,509,0.4365351629502573,655,30,0.0458015267175572,0.9541984732824428,1823,1793,0.0164563905650027,0.9835436094349972,152,0.23206106870229,293,0.1607240811848601
E01015553,E02003220,12.687436285449568,331.27423725690886,307.1672354948805,12.28668941979522,0.9091358024691358,2773.21539897607,3774.0684224626953,0.0477815699658702,3.8510519076970087,14.477818392911894,2.4840729690394228,Swindon,867,384,0.4429065743944637,480,1,0.0020833333333333,0.9979166666666668,74,73,0.0135135135135135,0.9864864864864864,120,0.25,13,0.1756756756756756
E01015554,E02003220,12.562058189937648,349.46925618115057,328.4671532846715,3.7226277372262775,0.9091358024691358,3191.7900547720087,1222.7609355852735,0.1094890510948905,1.1667937683843554,-18.010315936217285,2.5073202446249003,Swindon,630,258,0.4095238095238095,369,3,0.008130081300813,0.991869918699187,90,87,0.0333333333333333,0.9666666666666668,90,0.2439024390243902,12,0.1333333333333333
E01015555,E02003216,12.906276241924427,467.3219819025522,167.92323509252913,-5.003427004797807,0.895427795,3896.097641082091,-840.191649194971,0.0899588759424262,-1.2799464430878111,2.9308332307038287,2.547646679609186,Swindon,658,276,0.4194528875379939,380,2,0.0052631578947368,0.9947368421052633,103,101,0.0194174757281553,0.9805825242718448,80,0.2105263157894736,10,0.0970873786407767
E01015556,E02003216,13.7208583999761,957.5666395789472,165.20566419420092,5.731625084288602,0.895427795,4733.547688814521,946.8969289620412,0.1011463250168577,1.4662296727249913,7.825097779873483,3.243021946696279,Swindon,842,370,0.4394299287410926,471,12,0.0254777070063694,0.9745222929936306,200,188,0.06,0.94,107,0.227176220806794,34,0.17
E01015557,E02003216,13.93762378258332,1004.3386888888888,133.44226579520696,6.318082788671031,0.895427795,5268.446171236656,843.0992828019622,0.1429738562091503,1.6162537366367755,4.229805580366182,3.2295783480013363,Swindon,959,443,0.4619395203336809,516,9,0.0174418604651162,0.9825581395348836,268,259,0.0335820895522388,0.9664179104477612,139,0.2693798449612403,45,0.167910447761194
E01015558,E02003216,11.48613641986255,107.69431399336284,158.88456549935148,-12.38651102464332,0.895427795,1953.6660991187016,-1968.025422203381,0.0787474528571428,-3.1686423551413148,14.490360862492432,2.204531152518657,Swindon,573,158,0.2757417102966841,413,3,0.0072639225181598,0.9927360774818402,72,69,0.0416666666666666,0.9583333333333334,77,0.1864406779661017,14,0.1944444444444444
E01015559,E02003216,13.193415002469724,588.6154884868422,166.10169491525423,-0.406779661016948,0.895427795,4961.145873302455,-67.56679115196764,0.0889830508474575,-0.1040599132834053,-1.4070312196234531,2.5406566648924924,Swindon,724,317,0.4378453038674033,405,7,0.0172839506172839,0.982716049382716,144,137,0.0486111111111111,0.9513888888888888,92,0.2271604938271605,20,0.1388888888888889
E01015560,E02003216,13.871883461316068,716.3108591740013,112.43689765947684,8.168884809545661,0.895427795,4459.518985280801,918.4840653229404,0.0892356330630768,2.089714718720983,0.402820720638398,3.0795677794662235,Swindon,1144,525,0.4589160839160839,613,5,0.0081566068515497,0.9918433931484504,208,203,0.0240384615384615,0.9759615384615384,162,0.2642740619902121,30,0.1442307692307692
E01015561,E02003225,15.5535681837005,5304.372005597015,261.68224299065423,19.065420560747658,0.9183673469387756,4864.862434788001,4989.082015896583,0.4361370716510903,8.212796549245144,9.737869020590242,5.53287947727086,Swindon,870,437,0.5022988505747127,432,20,0.0462962962962962,0.9537037037037036,1024,1004,0.01953125,0.98046875,117,0.2708333333333333,250,0.244140625
E01015562,E02003222,12.337385292933927,221.4212126213592,107.34072022160665,17.659279778393355,0.8888888888888888,1421.0230180800208,1895.559810007597,0.1947714681440442,5.045508508112387,14.22078798957146,2.9886573048820275,Swindon,836,399,0.4772727272727273,437,8,0.0183066361556064,0.9816933638443937,88,80,0.0909090909090909,0.9090909090909092,108,0.2471395881006865,19,0.2159090909090909
E01015563,E02003222,12.697325532281187,330.17325434343434,106.45604395604396,22.596153846153847,0.8888888888888888,5341.383125224557,2405.497147083686,0.0494505494505494,6.456043956043956,13.737369408338353,2.287775977340337,Swindon,841,468,0.5564803804994055,371,3,0.0080862533692722,0.9919137466307276,40,37,0.075,0.925,103,0.2776280323450135,13,0.325
E01015564,E02003225,13.303909258606406,589.5120699115043,274.1514360313316,16.514360313315926,0.9183673469387756,132.81357171088715,4527.435595034392,0.5918189730200173,7.113878288813015,12.752774792524333,5.53287947727086,Swindon,783,417,0.5325670498084292,362,10,0.0276243093922651,0.9723756906077348,282,272,0.0354609929078014,0.9645390070921984,116,0.3204419889502762,64,0.226950354609929
E01015565,E02003222,13.10024008449348,502.11377433264886,108.16468946266572,16.46894626657362,0.8888888888888888,4111.560838582883,1781.358458701264,0.0915910676901604,4.705413219021034,13.116290693319202,2.791901033272154,Swindon,781,395,0.5057618437900128,385,4,0.0103896103896103,0.9896103896103896,122,118,0.0327868852459016,0.9672131147540984,106,0.2753246753246753,31,0.2540983606557377
E01015566,E02003222,11.77440057348647,119.26855932047752,98.6005089058524,19.40203562346056,0.8888888888888888,1249.9214068019903,1913.0505862826883,0.095419847,5.54343874956016,13.150905747881447,2.5645646680934537,Swindon,867,423,0.4878892733564013,441,3,0.0068027210884353,0.9931972789115646,97,94,0.0309278350515463,0.9690721649484536,110,0.2494331065759637,43,0.4432989690721649
E01015567,E02003225,12.6301843257052,278.6193723792161,249.1103202846975,9.667852906287075,0.9183673469387756,1174.3757045848008,2408.3619339505176,0.18452616317385,4.1646135596313565,11.265856362899436,3.612808017162641,Swindon,834,361,0.4328537170263788,472,9,0.0190677966101694,0.9809322033898306,258,249,0.0348837209302325,0.9651162790697676,96,0.2033898305084746,49,0.189922480620155
E01015568,E02003225,15.261384525650552,3497.166396210873,244.75524475524475,11.013986013986012,0.9183673469387756,2034.282727141932,2695.730842583989,0.5348355348355348,4.744486282947821,-4.934926259081633,6.257569881960145,Swindon,938,405,0.4317697228144989,530,21,0.0396226415094339,0.960377358490566,1003,982,0.0209371884346959,0.979062811565304,133,0.2509433962264151,253,0.2522432701894317
E01015569,E02003233,14.25816737603638,1701.46116284153,252.0718232044199,-4.005524859834253,0.9290123456790124,3284.9480095864237,-1009.6799543090486,1.0359116022099448,-1.1868221806916304,12.862739495815038,3.2548605385877107,Swindon,650,237,0.3646153846153846,413,19,0.0460048426150121,0.953995157384988,500,481,0.038,0.962,86,0.2082324455205811,79,0.158
E01015570,E02003233,12.579320577433082,309.029660106383,261.461318051576,-6.088825214899714,0.9290123456790124,2876.009270663794,-1591.9922660733496,0.1074498567335243,-1.8040963599702853,15.019353898542178,3.2548605385877107,Swindon,629,209,0.3322734499205087,420,4,0.0095238095238095,0.9904761904761904,74,70,0.054054054054054,0.945945945945946,90,0.2142857142857142,17,0.2297297297297297
E01015571,E02003233,11.175125569379755,77.95934597814207,227.8401997503121,-0.7490636704119851,0.9290123456790124,1135.355027565534,-170.66681629236862,0.0320432793333333,-0.2219447912331807,7.291315716504798,2.3332112865358066,Swindon,706,292,0.4135977337110481,413,1,0.0024213075060532,0.9975786924939468,16,15,0.0625,0.9375,95,0.2300242130750605,1,0.0625
E01015572,E02003227,13.388121739860631,704.3292785097192,58.35156819839533,-11.597374179431071,0.8984375,6229.850965878395,-676.7249703533814,0.0271334792122538,-2.899343544857768,5.818124639765625,2.525328564286915,Swindon,573,163,0.2844677137870855,410,0,0.0,1.0,90,90,0.0,1.0,67,0.1634146341463414,15,0.1666666666666666
E01015573,E02003227,13.29803006811633,370.42842579241767,33.25020781379884,-3.449709060681629,0.8984375,2228.113579038214,-114.70354316480896,0.0997506234413965,-0.8624272651704072,12.992864935978446,3.634212052771628,Swindon,977,249,0.2548618219037871,724,12,0.0165745856353591,0.9834254143646408,453,441,0.0264900662251655,0.9735099337748344,127,0.1754143646408839,122,0.2693156732891832
E01015574,E02003228,13.153647372586132,495.5698762728146,153.4683855125844,8.96255371393494,0.912,4036.383765896303,1375.4686485474124,0.0736648250460405,3.278983066073758,-3.5244730537440003,2.916634952195289,Swindon,806,400,0.4962779156327543,405,0,0.0,1.0,136,136,0.0,1.0,80,0.1975308641975308,32,0.2352941176470588
E01015575,E02003227,12.694994224095195,378.3182932714617,59.30318754633062,-13.936249073387694,0.8984375,1200.822959324776,-826.4639924914867,0.2205337286879169,-3.484062268346924,14.545249729176636,3.460032167383048,Swindon,503,138,0.2743538767395626,365,4,0.010958904109589,0.989041095890411,147,143,0.0272108843537414,0.9727891156462584,65,0.1780821917808219,24,0.1632653061224489
E01015576,E02003228,11.996215021617964,164.2745009118541,151.14873035066506,8.82708585247884,0.912,1207.5912317880418,1334.202819298495,0.0680169286577992,3.2294216533459164,15.086593564949988,4.324463727272736,Swindon,728,350,0.4807692307692308,377,4,0.0106100795755968,0.9893899204244032,187,183,0.0213903743315508,0.9786096256684492,64,0.169761273209549,49,0.2620320855614973
E01015578,E02003223,15.378163861647524,2508.6559458464776,320.2846975088968,7.552392249901146,0.9096174363664076,1510.5683488464886,2418.915667228125,0.3321470938,1.973147524748948,3.5000496053308945,5.31776699036935,Swindon,1207,511,0.4233637116818558,694,29,0.0417867435158501,0.95821325648415,1325,1296,0.0218867924528301,0.9781132075471698,161,0.2319884726224783,251,0.1894339622641509
E01015579,E02003223,12.89102769049044,333.39120285714284,465.7849338700402,4.657849338700402,0.9096174363664076,1783.8898448742498,2169.556046203177,0.1168056354226566,1.2169155929937985,23.89899705980469,3.307948409442525,Swindon,900,358,0.3977777777777778,539,1,0.0018552875695732,0.9981447124304268,98,97,0.010204081632653,0.9897959183673468,105,0.1948051948051948,35,0.3571428571428571
E01015580,E02003218,11.095719009781924,61.75022265229615,73.92075694855114,-2.897693672383202,0.8582230623818525,2088.32188747554,-214.19970966759325,0.0197122019999999,-0.5519416518825144,12.358557711958214,2.4532439692791588,Swindon,796,348,0.4371859296482412,447,0,0.0,1.0,11,11,0.0,1.0,93,0.2080536912751678,1,0.0909090909090909
E01015581,E02003223,16.767356059423886,18747.54686581783,510.718789407314,4.539722572509458,0.9096174363664076,7824.63076824281,2318.5216164770877,0.638923917612442,1.1860536450700383,-11.753821665209571,5.411422812653309,Swindon,844,406,0.481042654028436,437,21,0.0480549199084668,0.9519450800915332,1705,1684,0.0123167155425219,0.987683284457478,95,0.217391304347826,321,0.1882697947214076
E01015582,E02003223,13.923095940070196,749.8888464646465,361.7686467172845,12.862885216614565,0.9096174363664076,399.7619600398369,4653.388577694415,0.3751674854845914,3.360573615151552,-0.7805912838920896,4.656442980165514,Swindon,1158,495,0.4274611398963731,661,24,0.0363086232980332,0.9636913767019668,659,635,0.0364188163884673,0.9635811836115328,169,0.2556732223903177,154,0.2336874051593323
E01015584,E02003236,12.177669794973973,264.4875424489796,375.0884642604388,5.803255484784142,0.9049483802064792,1245.730457544239,2176.734187498652,0.151653017895056,2.1278603444208515,14.043352075321993,2.6381998192011293,Swindon,596,300,0.5033557046979866,295,6,0.0203389830508474,0.9796610169491524,335,329,0.017910447761194,0.982089552238806,74,0.2508474576271186,102,0.3044776119402985
E01015585,E02003236,14.84680971074222,1570.3842172452407,187.743535246192,10.520722635494154,0.9049483802064792,2770.7417646745707,1975.197660932307,0.4408233951273271,3.857598299681189,3.9061158715723954,4.249865731071543,Swindon,991,550,0.5549949545913219,440,26,0.059090909090909,0.9409090909090908,943,917,0.0275715800636267,0.9724284199363732,136,0.3090909090909091,284,0.3011664899257688
E01015586,E02003236,11.04982115769278,93.09422865384616,390.8554572271386,5.014749262536867,0.9049483802064792,1485.1030566503537,1960.0421158883032,0.0895490942857143,1.8387413962635173,16.005168400054004,2.2582151452581054,Swindon,570,263,0.4614035087719298,307,5,0.01628664495114,0.98371335504886,61,56,0.081967213114754,0.918032786885246,86,0.2801302931596091,8,0.1311475409836065
E01015587,E02003236,14.332156814930006,1559.4372186046512,284.3347639484978,4.667381974248926,0.9049483802064792,6839.478180451158,1327.098951905542,0.2565048283261802,1.7113733905579391,13.147693847945767,3.3274073076914,Swindon,799,379,0.474342928660826,419,22,0.0525059665871121,0.9474940334128878,306,284,0.0718954248366013,0.9281045751633988,106,0.2529832935560859,74,0.2418300653594771
E01015588,E02003236,13.973355073743136,1128.1147504816956,301.8223234624146,13.667425968109349,0.9049483802064792,7923.822350455243,4125.134261445305,0.0949126803340925,5.011389521640093,14.324073061081512,2.7833431851376416,Swindon,817,473,0.5789473684210527,340,14,0.0411764705882352,0.9588235294117649,98,84,0.1428571428571428,0.8571428571428572,117,0.3441176470588235,12,0.1224489795918367
E01032700,E02006847,10.595241350789667,33.12048384742952,124.65373961218836,19.113573407202217,0.8730864197530864,1195.606305504579,2382.5784025598327,0.0118717847249702,8.687987912364642,0.0001196992750617,2.2302294308019053,Swindon,960,443,0.4614583333333333,512,7,0.013671875,0.986328125,201,194,0.0348258706467661,0.965174129353234,148,0.2890625,25,0.1243781094527363
E01032701,E02006848,10.350996509356598,32.25485183505155,164.83516483516485,19.780219780219777,0.8786848072562359,410.9215753310109,3260.475787948315,0.078492936,8.683998927901365,16.50508671340448,2.408115594203509,Swindon,746,337,0.4517426273458445,406,4,0.0098522167487684,0.9901477832512317,66,62,0.0606060606060606,0.9393939393939394,139,0.3423645320197044,13,0.1969696969696969
E01032702,E02006848,11.289827532240476,83.16283739085239,147.99154334038056,20.01409443269909,0.8786848072562359,813.8407689414549,2961.9167236552566,0.04598308665,8.7866756045996,40.578074855880665,2.6116861328191265,Swindon,785,395,0.5031847133757962,389,2,0.0051413881748071,0.9948586118251928,44,42,0.0454545454545454,0.9545454545454546,110,0.2827763496143959,6,0.1363636363636363
E01032703,E02006847,11.760917059526548,113.6027625,136.28104179285282,18.413082980012117,0.8730864197530864,937.7830630383152,2509.354131134298,0.2018978396931151,8.369583172732778,14.37776974135369,2.1652751420294387,Swindon,858,446,0.5198135198135199,409,3,0.0073349633251833,0.9926650366748166,76,73,0.0394736842105263,0.9605263157894736,124,0.3031784841075794,17,0.2236842105263158
E01032704,E02006848,12.616248057717655,211.81688299367536,105.9001512859304,15.532022188603126,0.8786848072562359,2400.160684563677,1644.8434995494988,0.0661875945,6.818936570606249,11.30229352405229,2.696180028531723,Swindon,1055,502,0.4758293838862559,550,3,0.0054545454545454,0.9945454545454544,85,82,0.0352941176470588,0.9647058823529412,192,0.3490909090909091,18,0.2117647058823529
E01032705,E02006847,13.590347208294045,711.5836737994453,137.19512195121953,17.500000000000007,0.8730864197530864,3133.519388429997,2400.914634146343,0.0176151761517615,7.954545454545457,7.987196902711418,2.180982271234797,Swindon,868,456,0.5253456221198156,411,0,0.0,1.0,2,2,0.0,1.0,132,0.3211678832116788,2,1.0
E01032706,E02003232,11.556249508513618,87.38629548117154,203.7712895377129,26.03406326034064,0.9048442906574394,1915.465608102304,5304.994642466006,0.022810219,10.590127427935176,6.608021080216263,2.2726412166209737,Swindon,972,472,0.48559670781893,500,6,0.012,0.988,75,69,0.08,0.92,128,0.256,1,0.0133333333333333
E01032707,E02003232,11.982023405453686,118.58616869436202,159.29624346172133,31.24108416547789,0.9048442906574394,356.26566219650823,4976.587349232093,0.2496433666191155,12.708237626635077,15.718864518982176,3.735953861499865,Swindon,1042,641,0.6151631477927063,401,19,0.0473815461346633,0.9526184538653366,415,396,0.0457831325301204,0.9542168674698795,101,0.2518703241895262,107,0.2578313253012048
E01032708,E02003223,14.07516965753958,930.7157487437186,439.0243902439025,18.37398373972087,0.9096174363664076,1430.9732635720743,8066.627007682334,0.2168021680216802,4.800410166233379,11.418291438244331,4.3186740766706055,Swindon,1042,454,0.4357005758157389,586,22,0.0375426621160409,0.962457337883959,1269,1247,0.0173364854215918,0.9826635145784082,151,0.257679180887372,178,0.14026792750197
E01032709,E02006847,13.590347208294045,711.5836737994453,151.41318977119784,16.689098250336475,0.8730864197530864,3133.519388429997,2526.949600488362,0.0121130552,7.585953750152941,7.987196902711418,2.24855120450156,Swindon,780,373,0.4782051282051282,406,1,0.0024630541871921,0.9975369458128078,6,5,0.1666666666666666,0.8333333333333334,124,0.3054187192118227,1,0.1666666666666666
E01032710,E02006849,14.017046995018548,1233.14496875,206.84736091298143,16.69044222497289,0.8961111111111111,1080.5423320419688,3452.373926706233,1.9020446980504044,7.649786019779241,4.924008211805347,4.514041252576989,Swindon,795,372,0.4679245283018868,422,9,0.0213270142180094,0.9786729857819904,943,934,0.009544008483563,0.9904559915164368,130,0.3080568720379147,99,0.104984093319194
E01032711,E02006848,12.011647199724417,130.37253475851148,121.38728323699422,17.572254335260116,0.8786848072562359,2819.245097977572,2133.048214106719,0.0359666024405908,7.714648244748343,12.642799628873666,2.408115594203509,Swindon,969,414,0.4272445820433436,553,2,0.0036166365280289,0.9963833634719712,29,27,0.0689655172413793,0.9310344827586208,167,0.3019891500904159,8,0.2758620689655172
E01032712,E02006848,12.207076330170189,116.32762213829167,86.10086100861008,17.302173021730216,0.8786848072562359,1260.977748271889,1489.7319944909163,0.0461254615,7.596075960759606,11.811107292731691,3.0396056079979608,Swindon,1356,603,0.4446902654867257,749,4,0.0053404539385847,0.9946595460614152,214,210,0.0186915887850467,0.9813084112149532,242,0.3230974632843791,63,0.2943925233644859
E01032713,E02006847,11.536680631466014,65.43319923322683,105.14018691588784,19.112149532710283,0.8730864197530864,294.7924536910621,2009.4549742335576,0.2466251298026999,8.68734069668649,-23.789227497758027,3.153504957426533,Swindon,1226,598,0.4877650897226753,624,16,0.0256410256410256,0.9743589743589745,305,289,0.0524590163934426,0.9475409836065574,194,0.3108974358974359,46,0.1508196721311475
E01032714,E02003230,16.172067388512275,5739.285872756934,277.8938570831592,21.938988717091515,0.8989349112426035,4994.217869943266,6096.7101950964725,0.957654269396852,6.535017915729387,4.6298230397983735,4.824538620507287,Swindon,1020,481,0.4715686274509804,534,19,0.0355805243445692,0.9644194756554308,2013,1994,0.009438648782911,0.9905613512170888,110,0.2059925093632958,495,0.2459016393442623
E01032715,E02003230,15.687614805238017,5784.6643718861205,435.2094240837697,13.219895287958124,0.8989349112426035,5524.3491993977605,5753.423014719995,0.6282722513089005,3.937841149604547,-2.333099054027929,4.061029045690827,Swindon,728,365,0.5013736263736264,361,18,0.0498614958448753,0.9501385041551248,740,722,0.0243243243243243,0.9756756756756756,68,0.1883656509695291,159,0.2148648648648648
E01032716,E02003223,15.99353509815706,7125.784492332526,469.5652173913043,3.710144927536232,0.9096174363664076,4638.479338828962,1742.155009451796,0.7900621118012421,0.9693171432301866,6.450789492150175,4.934488321516387,Swindon,911,365,0.4006586169045005,546,25,0.0457875457875457,0.9542124542124544,1016,991,0.0246062992125984,0.9753937007874016,107,0.1959706959706959,159,0.1564960629921259
E01033841,E02003219,14.646478154747964,1604.149421383648,416.6666666666666,11.423220973782772,0.9216639313218028,3807.172257728367,4759.675405742822,0.2106741573033707,4.629017649506744,8.93563220162379,5.758930164641452,Swindon,834,425,0.5095923261390888,406,1,0.0024630541871921,0.9975369458128078,175,174,0.0057142857142857,0.9942857142857144,161,0.396551724137931,52,0.2971428571428571
E01033843,E02003219,14.646478154747964,2659.9511263035924,616.3434903047091,12.326869806094184,0.9216639313218028,15363.788964284491,7597.5859608198225,0.1154201292705447,4.995202143646009,8.93563220162379,5.758930164641452,Swindon,655,370,0.5648854961832062,283,7,0.0247349823321554,0.9752650176678446,88,81,0.0795454545454545,0.9204545454545454,105,0.3710247349823322,31,0.3522727272727273
E01033845,E02003226,16.44765483022356,10260.922479704795,240.3846153846154,19.68325791855204,0.9058956916099772,5497.364007508641,4731.5523842673165,0.5972850678733032,5.714494234418334,-6.391558495428571,3.035241406648704,Swindon,1012,341,0.3369565217391304,670,18,0.026865671641791,0.973134328358209,1411,1393,0.0127569099929128,0.9872430900070872,132,0.1970149253731343,477,0.3380581148121899
E01033846,E02003226,16.44765483022356,9756.87716491228,231.10386079390972,2.990755845568245,0.9058956916099772,55208.60177740006,691.1752226027755,0.0785451030149235,0.8682839551649744,-6.391558495428571,3.035241406648704,Swindon,788,261,0.3312182741116751,525,4,0.0076190476190476,0.9923809523809524,170,166,0.0235294117647058,0.976470588235294,99,0.1885714285714285,34,0.2
E01033847,E02003235,13.56766653691945,739.0915459280303,246.2645268400664,23.74100719424461,0.9056937255397046,1443.8225021672315,5846.567903397262,0.0799840896513558,9.496402877697845,1.8860615122497235,4.415400964058979,Swindon,785,419,0.5337579617834395,365,4,0.010958904109589,0.989041095890411,766,762,0.0052219321148825,0.9947780678851176,99,0.2712328767123287,117,0.1527415143603133
E01033848,E02003235,13.56766653691945,542.0004670138889,220.2970297029703,25.3960396,0.9056937255397046,5474.149427383646,5594.67209009901,0.099009901,10.158415840000002,1.8860615122497235,4.415400964058979,Swindon,1125,533,0.4737777777777778,589,13,0.0220713073005093,0.9779286926994908,200,187,0.065,0.935,175,0.297113752122241,48,0.24
E01033849,E02003236,14.95869709567246,1454.8918469387756,166.56191074795726,17.850408548082967,0.9049483802064792,14244.3708657572,2973.1981554003683,0.0875460177785759,6.545149800963753,1.5708918330774588,2.7833431851376416,Swindon,1277,616,0.4823805794831636,656,2,0.0030487804878048,0.9969512195121952,93,91,0.021505376344086,0.978494623655914,228,0.3475609756097561,23,0.2473118279569892
E01033850,E02003236,14.95869709567246,2213.6533676781933,248.4763244256915,22.409751523675578,0.9049483802064792,7869.509745988831,5568.292689895947,0.2812939521800281,8.216908892014375,1.5708918330774588,2.7833431851376416,Swindon,1088,592,0.5441176470588235,490,12,0.0244897959183673,0.9755102040816328,129,117,0.0930232558139534,0.9069767441860466,180,0.3673469387755102,51,0.3953488372093023
E01033860,E02006849,13.968274429474391,864.2795586053412,156.75675675675674,10.37837837883784,0.8961111111111111,4919.717175209562,1626.8809350610666,0.1505791505791505,4.756756756967342,12.059326549335712,2.646564792248224,Swindon,988,467,0.4726720647773279,517,12,0.02321083172147,0.97678916827853,172,160,0.0697674418604651,0.9302325581395348,143,0.2765957446808511,37,0.2151162790697674
E01033861,E02006849,13.968274429474391,879.2821471698113,144.78282576135794,17.52371442835746,0.8961111111111111,1956.886912374052,2537.1328927726727,0.2246630054917623,8.031702446330502,12.059326549335712,2.646564792248224,Swindon,1068,568,0.5318352059925093,498,6,0.0120481927710843,0.9879518072289156,407,401,0.0147420147420147,0.9852579852579852,161,0.3232931726907631,73,0.1793611793611793
