FID,LSOA21CD,LSOA21NM,LSOA21NMW,BNG_E,BNG_N,LAT,LONG,GlobalID,gva,lsoa_workers_at_workplace,ln_gva,ln_jobs,elasticity
14693,E01015471,Swindon 028A, ,413941,189671,51.60571,-1.80008,eff02724-439d-4850-868c-5ae102465473,16.064,14,2.7765807435093186,2.6390573296152584,0.3398313683166665
14694,E01015473,Swindon 008A, ,417931,190349,51.61169,-1.74243,cc586f3e-4cc1-4fad-94d2-d0b74b7e34ab,496.2600000000007,6086,6.207099982931871,8.713746330456916,0.7309468980605153
14695,E01015475,Swindon 015A, ,415626,185078,51.56437,-1.77595,400d8894-b684-40f9-8637-f827053d985c,100.69400000000003,259,4.612086215029821,5.556828061699537,0.6370809752978605
14696,E01015477,Swindon 015C, ,414389,184246,51.55692,-1.79383,6db22845-9c2e-42d9-b535-15b32cb39dc5,20.80600000000001,302,3.035241406648704,5.71042701737487,0.5998725881569741
14697,E01015478,Swindon 021A, ,413576,183987,51.55461,-1.80557,8296ca87-a043-4f97-8b78-742996726335,195.20900000000003,377,5.274070779473495,5.932245187448011,0.5718587575950806
14698,E01015479,Swindon 017A, ,416311,185375,51.56702,-1.76606,f697d894-6259-410b-b50a-60218b9fb96f,128.92399999999998,1703,4.859223083459394,7.440146680662688,0.7203675074073589
14699,E01015480,Swindon 015D, ,415446,185283,51.56621,-1.77854,5672aca5-f2d0-4444-be8d-c63ccf4f0606,14.183,108,2.6520440643124705,4.68213122712422,0.6610876462920017
14700,E01015481,Swindon 013A, ,418054,185672,51.56963,-1.7409,46a23f2b-793a-49dd-b80a-5aa677cf538d,16.851,119,2.8244100022184053,4.77912349311153,0.5062040392208748
14701,E01015482,Swindon 013B, ,418959,185003,51.56359,-1.72787,cbb63615-5024-4d59-9f3f-423d0c4b3fac,78.77199999999999,502,4.36655760376995,6.218600119691729,0.46163528982090085
14702,E01015483,Swindon 013C, ,418698,185467,51.56777,-1.73161,afb53a52-4302-469b-96af-ab3b9903015c,8.249999999999995,2,2.110213200346589,0.6931471805599453,0.4857455262538141
14703,E01015484,Swindon 013D, ,417979,185202,51.56541,-1.742,68448c55-afde-4ebd-9eee-be4c204cf837,78.77199999999999,99,4.36655760376995,4.59511985013459,0.4877105658232643
14704,E01015485,Swindon 013E, ,419247,184977,51.56335,-1.72372,e88b6d68-64b6-482b-b246-ae54f2511658,11.288999999999998,1,2.4238288002794097,0.0,0.4497827435556002
14705,E01015486,Swindon 013F, ,418376,185032,51.56387,-1.73628,e4a798bb-0815-4b03-bb58-14b79217297b,13.036000000000014,104,2.567714760975316,4.6443908991413725,0.4664276958844503
14706,E01015487,Swindon 023A, ,418175,183618,51.55116,-1.73926,67103372-8d39-4662-a7e4-c84532cb25d3,8.887,9,2.184589534756338,2.1972245773362196,0.4439195393088994
14707,E01015488,Swindon 023B, ,419035,183536,51.5504,-1.72686,e8c37165-0cab-4056-b753-5925019d44c1,58.559,1521,4.070034793004519,7.327123292259293,0.4367065251157321
14708,E01015489,Swindon 023C, ,418478,183162,51.54705,-1.73491,c502602b-ae5a-4b38-8dae-a1a871655ffc,16.488000000000003,202,2.802632843588158,5.308267697401205,0.43760967546820156
14709,E01015490,Swindon 023D, ,419112,182677,51.54267,-1.72579,d9c28ca7-6e6c-407c-ba8f-128adada12ec,6.126000000000004,7,1.812542008410584,1.9459101490553132,0.44276286347898636
14710,E01015491,Swindon 023E, ,418869,184022,51.55477,-1.72923,b503296a-9fa4-4b93-a2cf-2a892858639e,175.48799999999997,1390,5.167570664499794,7.237059026124737,0.4423659018203571
14711,E01015492,Swindon 023F, ,418558,184482,51.55892,-1.73369,58904f07-0d87-404c-b63f-88a6bec49dc8,82.79599999999999,671,4.416379751045544,6.508769136971682,0.45167083429404586
14712,E01015493,Swindon 017B, ,415634,184699,51.56096,-1.77586,32ab11c5-2393-462f-9389-6ee1aa927c17,75.52500000000002,675,4.324463727272736,6.51471269087253,0.5859419523949876
14713,E01015494,Swindon 019A, ,414763,184335,51.55771,-1.78844,70aa4682-6bc3-4b28-8270-2b612fe15f9f,46.818,943,3.846267744362679,6.849066282633458,0.5865391822079143
14714,E01015496,Swindon 019C, ,414982,184181,51.55632,-1.78528,8097a7c7-c185-4958-9a4b-c8bf00903844,22.155,160,3.098063204651453,5.075173815233827,0.5786428269361521
14715,E01015497,Swindon 019D, ,415272,183983,51.55453,-1.78111,b6937bc7-0f52-4a47-87ab-84df5528bfa9,12.670000000000007,150,2.539236994333048,5.0106352940962555,0.5632430595989097
14716,E01015498,Swindon 021B, ,414319,183856,51.55341,-1.79486,5aec29cc-e17e-45be-a25a-a3698b33a548,9.954000000000002,14,2.2979744804363627,2.6390573296152584,0.5831800754453557
14717,E01015499,Swindon 018A, ,410642,184020,51.55497,-1.84789,2652b906-1963-4a2b-9c37-5a39dc1cf0c5,20.464,193,3.018667244836487,5.262690188904886,0.6738102349832646
14718,E01015500,Swindon 018B, ,411150,183920,51.55406,-1.84057,6ffbcf7e-0ff0-4c53-8ff2-36741cc91e66,7.596000000000005,21,2.02762179295004,3.044522437723423,0.6684707963529579
14719,E01015501,Swindon 022A, ,411402,182952,51.54535,-1.83696,5b9b5d04-741a-4e8b-b827-50456006a3bf,411.40200000000004,940,6.019570838655752,6.84587987526405,0.6596315704123629
14720,E01015502,Swindon 022B, ,411439,183928,51.55413,-1.8364,f18793c2-f70b-488c-b325-66a98488e5c1,7.456000000000002,6,2.0090190773832903,1.791759469228055,0.6565690075995451
14721,E01015503,Swindon 022C, ,410987,183289,51.54839,-1.84294,87572036-448b-4157-9b9b-5c88718be22c,3413.0470000000028,1244,8.135360719687952,7.126087273299125,0.6775871868503252
14722,E01015504,Swindon 018C, ,410440,184680,51.56091,-1.85078,61bee833-9b7b-4671-b774-143e651d2d9a,20.464,66,3.018667244836487,4.189654742026425,0.6657939905374404
14723,E01015505,Swindon 018D, ,411359,184485,51.55914,-1.83753,2b7f2c44-5144-47c4-b257-60343fb528ab,8.027000000000001,1,2.08281085914944,0.0,0.651190495083712
14724,E01015506,Swindon 007A, ,415355,187092,51.58248,-1.77978,b366ab94-6bdb-4017-83fe-3bb33cb4846f,16.447,113,2.800143089759132,4.727387818712341,0.748005655594092
14725,E01015507,Swindon 007B, ,415034,186922,51.58096,-1.78442,28736658-6287-4586-a65d-dea38b14f90e,7.181000000000002,203,1.9714386491281808,5.313205979041787,0.7124700721289258
14726,E01015508,Swindon 010A, ,415188,186473,51.57692,-1.78221,b8c412a4-622b-475d-a703-6347ecadb18d,7.604,89,2.0286744246261827,4.48863636973214,0.729210309673284
14727,E01015509,Swindon 010B, ,416015,186348,51.57577,-1.77028,e4197ae3-47cc-4312-8fd9-2f5276044112,707.3860000000002,2367,6.561576485792391,7.769378609513984,0.8563760016856644
14728,E01015510,Swindon 010C, ,415735,185730,51.57023,-1.77435,58b07d71-7c67-4951-b078-f7314a64c6b2,38.88000000000006,496,3.66047997959224,6.206575926724928,0.7240430927692718
14729,E01015511,Swindon 010D, ,415211,185860,51.57141,-1.78191,7013aac6-3bfc-4109-8351-110f2048e172,10.167999999999997,31,2.3192455338871527,3.4339872044851463,0.6885514565849674
14730,E01015512,Swindon 028C, ,414245,188289,51.59327,-1.79575,fa47551a-4562-4062-8252-3ec1175b0c37,12.147,53,2.4970822257181338,3.970291913552122,0.3956678893380278
14731,E01015513,Swindon 004A, ,413374,188354,51.59388,-1.80832,a4f28397-2e2d-409e-91b0-cc481cb2b06a,9.065999999999995,215,2.204531152518657,5.3706380281276624,0.3438389071154744
14732,E01015514,Swindon 004B, ,413909,187866,51.58948,-1.80061,f23aa655-a42f-45b7-8569-06d3e865fbe9,7.643,38,2.033790196260747,3.6375861597263857,0.42014053333241297
14733,E01015515,Swindon 004C, ,412943,187916,51.58995,-1.81456,d8f26ddf-df88-4cc3-9366-49d9162a0f63,6.252999999999999,11,1.8330613485851608,2.3978952727983707,0.3824321275485196
14734,E01015516,Swindon 004D, ,413505,187955,51.59029,-1.80644,8f7801cf-6d7a-4a91-abe9-0fbda233aa1f,26.349000000000004,285,3.27143032360309,5.652489180268651,0.40426482739942593
14735,E01015517,Swindon 004E, ,414340,187671,51.58771,-1.7944,f13cee03-83ba-4307-9072-dbaa35499de0,8.218,56,2.106326870461218,4.02535169073515,0.515852212876773
14736,E01015518,Swindon 028D, ,414042,188730,51.59724,-1.79866,98d04cdc-3f24-4730-8909-caab94cd5cf2,9.509,105,2.252238718557307,4.653960350157523,0.36129782186258713
14737,E01015519,Swindon 001A, ,419906,192588,51.63176,-1.71378,c440b838-d66c-4ca7-8025-19d936c1b82f,17.131000000000004,190,2.8408896877483216,5.247024072160486,0.546423839011483
14738,E01015520,Swindon 001B, ,418930,191481,51.62184,-1.72795,3ccc7c8e-8659-443a-adf5-f43426c24a5b,48.182000000000016,475,3.874985507325583,6.163314804034641,0.5730223207716052
14739,E01015521,Swindon 001C, ,419002,192771,51.63343,-1.72684,3e4e0527-e4a8-43d5-86eb-0456f10cd38b,95.15299999999998,581,4.555486122409602,6.364750756851911,0.5418867113604793
14740,E01015522,Swindon 001D, ,420472,193160,51.63688,-1.70557,c6971f50-1d97-4a1f-96ba-9a0c44350b17,7.817,12,2.0563008492381933,2.4849066497880004,0.5415092046879786
14741,E01015523,Swindon 001E, ,420966,192763,51.63329,-1.69846,5dff975e-9020-4498-a549-436a51a6bc74,22.086,177,3.094943923624939,5.176149732573829,0.5408933639265967
14742,E01015524,Swindon 001F, ,419378,192423,51.63029,-1.72142,8f7ec714-5140-423d-ba3d-daed5836ee3b,5.977000000000001,3,1.7879187698421173,1.0986122886681098,0.5483293279524091
14743,E01015525,Swindon 026A, ,412445,187813,51.58904,-1.82175,119ed06f-9b33-4146-9905-5f69c3e01e7d,8.426,4,2.131322163556825,1.3862943611198906,0.39942052549549373
14744,E01015526,Swindon 006A, ,412645,187470,51.58595,-1.81887,624f40ad-cd88-47bf-bc39-a4db7c46667e,10.077,27,2.3102555992982654,3.295836866004329,0.450422199147847
14745,E01015527,Swindon 007C, ,414723,187227,51.58371,-1.78889,a7eb511b-0e28-4085-a63a-8542324f7e46,29.082000000000004,170,3.370119426091294,5.135798437050262,0.6251167629038922
14746,E01015528,Swindon 006B, ,413178,187293,51.58434,-1.81119,bdaf5b6c-94dd-451d-88b8-a3bc634a171b,10.359000000000002,96,2.337855707075965,4.564348191467836,0.47177060876054494
14747,E01015529,Swindon 006C, ,413963,187124,51.58281,-1.79986,ba8d980a-7059-4cf8-9f38-a0a7673df75d,15.487999999999996,166,2.740065530534221,5.111987788356544,0.5525203846089012
14748,E01015530,Swindon 006D, ,413532,186990,51.58161,-1.80609,457478ba-2b9a-4fd5-8c61-a202872805d8,21.741999999999997,189,3.0792458737818085,5.241747015059643,0.5568006749779743
14749,E01015532,Swindon 021D, ,415225,183488,51.55008,-1.78181,e7ffb224-83d7-408d-ba66-2926f37fbef9,26.173,311,3.26472834505029,5.739792912179234,0.5418809310090292
14750,E01015533,Swindon 024A, ,416386,183356,51.54886,-1.76507,077e53f7-e255-416d-9e68-d03cac9b23a4,12.166000000000002,84,2.4986451758985138,4.430816798843313,0.49676569984928864
14751,E01015534,Swindon 024B, ,416037,183768,51.55258,-1.77008,a679b610-c5a3-4918-9a2f-2e7684e4264b,82.715,829,4.415400964058979,6.720220155135295,0.5084407249451417
14752,E01015535,Swindon 024C, ,416292,182471,51.54091,-1.76647,4703f427-1dd8-4748-8e63-6e7f58d6115c,355.5749999999999,280,5.873736197456291,5.634789603169249,0.4970421640207654
14753,E01015537,Swindon 020A, ,417647,184404,51.55825,-1.74683,6ec4430b-6c31-4809-938d-80e579428812,18.395,138,2.9120788885567377,4.927253685157205,0.46424193088138077
14754,E01015538,Swindon 016A, ,417656,184734,51.56121,-1.74669,7037ec67-2110-466f-99e8-9db67a3d948a,11.931999999999999,82,2.479223866652502,4.406719247264253,0.4757332517258669
14755,E01015539,Swindon 020B, ,417768,183527,51.55036,-1.74513,b1b138de-5a9c-4a74-8712-9c39952027a5,7.161,7,1.9686496360248027,1.9459101490553132,0.44913974423458136
14756,E01015540,Swindon 020C, ,417179,183931,51.55401,-1.75361,349eacc5-a74c-4a11-813d-5f38a27e2191,14.423000000000002,145,2.6688241546013733,4.976733742420574,0.47475143892735217
14757,E01015541,Swindon 020D, ,417477,183675,51.5517,-1.74932,6dde65be-600f-4e4d-8501-29590ab3f7b1,15.903000000000002,201,2.766507770673779,5.303304908059076,0.4579457655250927
14758,E01015542,Swindon 020E, ,417103,183410,51.54933,-1.75473,5869a512-1173-4be2-8636-c93ca01b4008,6.362000000000001,3,1.8503427933269525,1.0986122886681098,0.4675602983073831
14759,E01015543,Swindon 003A, ,414964,187820,51.58904,-1.78539,ab73e238-bc8e-4ce4-9bbe-23dddad51d84,14.003999999999996,139,2.639343003092419,4.9344739331306915,0.5977457403423594
14760,E01015544,Swindon 003B, ,415454,188034,51.59095,-1.77831,22120e09-e289-4ce4-afc5-d1a2e6e979a2,7.755000000000002,26,2.0483377966285023,3.258096538021482,0.6180886125444489
14761,E01015545,Swindon 003C, ,415155,188535,51.59546,-1.7826,da617ad4-1295-4fa8-91e2-ea23779e6582,8.356,90,2.1229798436943192,4.499809670330265,0.5050002748090192
14762,E01015546,Swindon 003D, ,414904,188267,51.59306,-1.78624,fce95f24-bcec-472f-aad7-4526cfa7b292,7.830000000000001,15,2.057962510002712,2.70805020110221,0.4570831025197352
14763,E01015547,Swindon 008C, ,421674,180661,51.52445,-1.68897,22686d62-62d1-42fc-8b11-e0b12a37e331,317.0090000000001,5510,5.758930164641452,8.61431990214696,0.48800089467211943
14764,E01015548,Swindon 008D, ,422643,183384,51.5489,-1.67483,625ab178-8555-48e4-8d17-f2133d5bf1f6,317.0090000000001,179,5.758930164641452,5.187385805840755,0.47889518068478815
14765,E01015549,Swindon 009A, ,417149,186227,51.57465,-1.75393,b0f3cb63-a01c-4e77-b73c-a00bffff19f6,458.8000000000001,1777,6.128614385255216,7.482681828154651,0.7365112694774917
14766,E01015550,Swindon 009B, ,417585,185624,51.56922,-1.74767,268e6c0a-7d25-4104-a7eb-1b85be22a70b,48.753999999999984,474,3.886787245359885,6.161207321695077,0.5539484621740246
14767,E01015551,Swindon 009C, ,418421,187060,51.5821,-1.73553,c4fb0629-463f-44ae-80e5-e70ed7237b80,458.8000000000001,3668,6.128614385255216,8.207401833376355,0.5886316806309075
14768,E01015552,Swindon 009D, ,417575,188228,51.59263,-1.74768,36b62a5e-b3e1-463a-81fc-362443f490c6,185.91099999999992,1823,5.225268064574461,7.508238774678663,0.7700989216314379
14769,E01015553,Swindon 009E, ,417880,187248,51.58381,-1.74333,64623222-991b-4083-b50f-cb9e029b2d08,11.989999999999998,74,2.4840729690394228,4.30406509320417,0.6726775984565982
14770,E01015554,Swindon 009F, ,417658,186758,51.57941,-1.74656,046da4d6-1134-4067-a211-4bed4d121187,12.272,90,2.5073202446249003,4.499809670330265,0.6607561988539171
14771,E01015555,Swindon 005A, ,416112,187956,51.59023,-1.76881,3a188839-abc3-4b2c-b3a3-ec7d448d81d1,12.777,103,2.547646679609186,4.634728988229636,0.7806106201703543
14772,E01015556,Swindon 005B, ,416037,188480,51.59494,-1.76987,47908225-6199-4040-b9b7-25d23cdb7482,25.610999999999997,200,3.243021946696279,5.298317366548036,0.7387385196403304
14773,E01015557,Swindon 005C, ,417024,188485,51.59496,-1.75562,ca8fc439-644c-4372-b6e0-f7d712784f96,25.269,268,3.2295783480013363,5.5909869805108565,0.8180516550339666
14774,E01015558,Swindon 005D, ,416612,187320,51.5845,-1.76162,936cd149-ca8a-46f9-811c-e7eeb328139c,9.065999999999995,72,2.204531152518657,4.276666119016055,0.8376109390162235
14775,E01015559,Swindon 005E, ,416343,187632,51.58731,-1.76549,7dc8f114-d85d-46f5-8355-95e6f78fe897,12.688000000000002,144,2.5406566648924924,4.969813299576001,0.8475489488902315
14776,E01015560,Swindon 005F, ,415984,187144,51.58293,-1.7707,2cf21cb8-0f1e-44e9-99cc-32eff102de72,21.748999999999995,208,3.0795677794662235,5.337538079701318,0.8344797486918787
14777,E01015561,Swindon 014A, ,412028,185465,51.56793,-1.82785,7f019132-9aa0-4bc7-b7e0-03e17cef1e07,252.871,1024,5.53287947727086,6.931471805599453,0.607079583907975
14778,E01015562,Swindon 011A, ,412043,186524,51.57745,-1.8276,b2595705-e0e5-47fc-8f02-1d1aa820dc35,19.858999999999998,88,2.9886573048820275,4.477336814478207,0.5512972262193313
14779,E01015563,Swindon 011B, ,411248,186240,51.57492,-1.83908,f6e8d49f-1019-49e5-9ea9-7a5a56e31259,9.852999999999994,40,2.287775977340337,3.6888794541139363,0.5553314282068933
14780,E01015564,Swindon 014B, ,411577,185656,51.56966,-1.83435,5c59a653-35d1-426f-a6bd-8719529ec0f4,252.871,282,5.53287947727086,5.641907070938114,0.6064975197613784
14781,E01015565,Swindon 011C, ,411041,185720,51.57025,-1.84208,4abfa40d-3d52-432a-a968-90e5a3c03c6c,16.312,122,2.791901033272154,4.804021044733257,0.6166964334145972
14782,E01015566,Swindon 011D, ,410920,185299,51.56646,-1.84384,badf79ac-87a2-4e66-aad5-881d4f0b1278,12.995000000000003,97,2.5645646680934537,4.574710978503383,0.6336999376488439
14783,E01015567,Swindon 014C, ,412348,184836,51.56227,-1.82325,4c1158dd-7f29-4b7a-ba2c-bfefc6e90ff1,37.07,258,3.612808017162641,5.552959584921617,0.6094420666285558
14784,E01015568,Swindon 014D, ,412731,184573,51.5599,-1.81774,aefedcf7-f089-40e0-b3b2-d6cd117baf13,521.949,1003,6.257569881960145,6.910750787961936,0.5950008119851483
14785,E01015569,Swindon 022D, ,411840,184064,51.55534,-1.83061,f73dc871-7fbe-4203-af89-c4765ad1749f,25.915999999999997,500,3.2548605385877107,6.214608098422191,0.6439495131108387
14786,E01015570,Swindon 022E, ,412312,183914,51.55398,-1.82381,d1030fb0-391a-432b-b2b4-5d4670462673,25.915999999999997,74,3.2548605385877107,4.30406509320417,0.6270427538339443
14787,E01015571,Swindon 022F, ,412347,183485,51.55012,-1.82332,5a65ccef-4063-4d22-a522-d98d499db49d,10.311,16,2.3332112865358066,2.772588722239781,0.637738982764661
14788,E01015572,Swindon 016B, ,417171,184902,51.56274,-1.75367,ccb1de25-1c53-468d-bf91-d0126578ae44,12.49499999999999,90,2.525328564286915,4.499809670330265,0.5227485525015831
14789,E01015573,Swindon 016C, ,416729,184599,51.56003,-1.76006,500bcbf3-8929-499a-bec5-e17a1b66a48e,37.872,453,3.634212052771628,6.115892125483034,0.5251977830946707
14790,E01015574,Swindon 017C, ,416189,184589,51.55995,-1.76785,b3764a58-e97f-4bb6-be86-84ecaad87823,18.47900000000001,136,2.916634952195289,4.912654885736052,0.5738006602798471
14791,E01015575,Swindon 016D, ,416782,185070,51.56426,-1.75928,1d3ded00-7ff5-48da-b95f-1b246f365549,31.817999999999998,147,3.460032167383048,4.990432586778736,0.5898806486523345
14792,E01015576,Swindon 017D, ,416279,184148,51.55599,-1.76658,3c9cc4aa-84e6-4d30-8839-c2f0d103bccf,75.52500000000002,187,4.324463727272736,5.231108616854587,0.5261696100653593
14793,E01015578,Swindon 012B, ,414082,185448,51.56773,-1.79821,e827e708-5645-4498-a61e-a4e75ca0d650,203.928,1325,5.31776699036935,7.1891677384203225,0.6506064205684083
14794,E01015579,Swindon 012C, ,413392,184951,51.56328,-1.80819,f2931b95-4dfe-414b-bf56-65e4f542d1cb,27.329000000000004,98,3.307948409442525,4.584967478670572,0.5890134141160303
14795,E01015580,Swindon 007D, ,414663,186391,51.5762,-1.78979,40838b79-2cd2-4890-84ee-f375e1e276f9,11.626,11,2.4532439692791588,2.3978952727983707,0.6650487590461229
14796,E01015581,Swindon 012D, ,413501,186090,51.57352,-1.80657,085337b2-6709-4f0d-b6fd-101d2d4850d3,223.95,1705,5.411422812653309,7.4413203897176174,0.6564940030820106
14797,E01015582,Swindon 012E, ,414596,185904,51.57182,-1.79078,d2b9e337-16cf-49b9-b958-5121baf64036,105.26100000000002,659,4.656442980165514,6.490723534502507,0.6488562934583091
14798,E01015584,Swindon 025B, ,414463,181016,51.52787,-1.7929,6ee056b9-bf0a-4cd5-bfae-5db65cbfd5b6,13.988,335,2.6381998192011293,5.814130531825066,0.588142443124047
14799,E01015585,Swindon 025C, ,413480,178775,51.50775,-1.80716,17aa2495-d57b-4cbb-b7ad-61a28d573e29,70.096,943,4.249865731071543,6.849066282633458,0.6348727434846878
14800,E01015586,Swindon 025D, ,413907,181163,51.52921,-1.80091,5c8d59df-338b-4d42-a754-ca948366d11a,9.566000000000003,61,2.2582151452581054,4.110873864173311,0.6121970482390737
14801,E01015587,Swindon 025E, ,413890,180623,51.52435,-1.80117,ed14e6aa-6766-4911-beb8-7406a940914d,27.865999999999996,306,3.3274073076914,5.723585101952381,0.6096375698746809
14802,E01015588,Swindon 025F, ,418529,179983,51.51847,-1.73434,462290bc-cf85-4d4c-8a9d-ce9b4e15412c,16.173000000000002,98,2.7833431851376416,4.584967478670572,0.49549033477550575
31029,E01032700,Swindon 026B, ,411832,187952,51.5903,-1.83059,c97d0e2a-1b32-47e1-8618-96b32a73a3ef,9.302,201,2.2302294308019053,5.303304908059076,0.384868395739934
31030,E01032701,Swindon 027A, ,412798,188737,51.59734,-1.81662,84694471-e18e-4b4f-b430-9b6cc45589a1,11.112999999999996,66,2.408115594203509,4.189654742026425,0.32028215777739255
31031,E01032702,Swindon 027B, ,413257,189102,51.60061,-1.80998,4394e8c0-9255-4297-a51f-fe239105ec2e,13.621999999999998,44,2.6116861328191265,3.784189633918261,0.31861324973929
31032,E01032703,Swindon 026C, ,412113,188692,51.59695,-1.82651,8904061f-28d4-474c-adfb-14a92ba08380,8.716999999999997,76,2.1652751420294387,4.330733340286331,0.33799979824781545
31033,E01032704,Swindon 027C, ,412485,188833,51.59821,-1.82114,035f13e3-3a70-4161-94fb-b60b5b07ad11,14.823000000000002,85,2.696180028531723,4.442651256490317,0.3339999428634016
31034,E01032705,Swindon 026D, ,411605,188988,51.59962,-1.83384,da9dbf61-f6dd-4526-8818-34c59d366a19,8.855000000000002,2,2.180982271234797,0.6931471805599453,0.3387014021615398
31035,E01032706,Swindon 021E, ,414412,183507,51.55027,-1.79353,56ce3833-0626-4e5f-86b6-91d099b5fd5c,9.705000000000002,75,2.2726412166209737,4.31748811353631,0.5794567388349576
31036,E01032707,Swindon 021F, ,414413,183255,51.54801,-1.79353,8ef1d387-1424-4395-9454-e95a62038801,41.928,415,3.735953861499865,6.028278520230698,0.5723139391873556
31037,E01032708,Swindon 012F, ,413620,184474,51.55899,-1.80492,1d127ed2-323f-408d-8678-a43da9a58ed8,75.089,1269,4.3186740766706055,7.1459844677143876,0.5714630916756677
31038,E01032709,Swindon 026E, ,411414,189466,51.60392,-1.83658,a27f84e9-d334-400b-aaef-d28dfe810403,9.474,6,2.24855120450156,1.791759469228055,0.3248407080192719
31039,E01032710,Swindon 028E, ,413553,188806,51.59794,-1.80572,921de196-14cd-4418-bbc5-d6c4a5a0b448,91.28999999999999,943,4.514041252576989,6.849066282633458,0.33334525296831397
31040,E01032711,Swindon 027D, ,413411,189359,51.60291,-1.80775,39f08dc9-db41-4aa7-a858-d7d3fe477b12,11.112999999999996,29,2.408115594203509,3.367295829986474,0.3194401736982653
31041,E01032712,Swindon 027E, ,412929,189520,51.60437,-1.8147,cb533e0c-e4f4-4322-84f1-72de5ba0b7d2,20.896999999999995,214,3.0396056079979608,5.365976015021851,0.31901081879045395
31042,E01032713,Swindon 026F, ,412336,189401,51.60332,-1.82327,4cb5043e-7cba-433b-bdf1-003cc2ba955a,23.418000000000003,305,3.153504957426533,5.720311776607412,0.316243648944139
31043,E01032714,Swindon 019E, ,415276,184460,51.55882,-1.78103,1c8bca2f-5d3e-4314-809e-8d8c5b755730,124.52899999999995,2013,4.824538620507287,7.607381425639791,0.5904378603865265
31044,E01032715,Swindon 019F, ,415504,184046,51.55509,-1.77776,15f86ef6-8079-41f2-a2a9-928a4224cdda,58.034000000000006,740,4.061029045690827,6.606650186198215,0.5524314835726809
31045,E01032716,Swindon 012G, ,413995,184970,51.56344,-1.79949,47305629-67e7-45c9-969d-d96f17cbcf6d,139.00199999999995,1016,4.934488321516387,6.923628628138427,0.6180943254196103
31883,E01033841,Swindon 008F, ,412846,191365,51.62096,-1.81583,cb38d5da-2fe1-4c13-b2b1-ceb2036b7471,317.0090000000001,175,5.758930164641452,5.1647859739235145,0.3505556711721395
31885,E01033843,Swindon 008H, ,416662,193513,51.64018,-1.76061,a546eeb2-c09c-4922-809f-9642da0f5d05,317.0090000000001,88,5.758930164641452,4.477336814478207,0.48691656153036666
31887,E01033845,Swindon 015E, ,414947,184971,51.56342,-1.78575,33520b84-9fb3-4364-aa53-367283361028,20.80600000000001,1411,3.035241406648704,7.252053951852814,0.6181116875360977
31888,E01033846,Swindon 015F, ,414519,184608,51.56017,-1.79194,6f655c6f-f861-4c22-9887-8104cbb5f04c,20.80600000000001,170,3.035241406648704,5.135798437050262,0.6058079277600759
31889,E01033847,Swindon 024E, ,417144,182273,51.5391,-1.75419,bf9a91dc-3d75-414c-bb52-141a8824224d,82.715,766,4.415400964058979,6.641182169740591,0.5005961385101454
31890,E01033848,Swindon 024F, ,414628,182549,51.54165,-1.79046,aba24180-5abc-420d-a7b5-f86a66c8ea4f,82.715,200,4.415400964058979,5.298317366548036,0.5644481064447399
31891,E01033849,Swindon 025G, ,418515,181941,51.53607,-1.73444,627633a7-992a-454e-bca1-03689504c76e,16.173000000000002,93,2.7833431851376416,4.532599493153256,0.45634001917509137
31892,E01033850,Swindon 025H, ,417001,179045,51.51008,-1.75641,5e433b6b-deeb-44fe-b77d-f396c14cbb2e,16.173000000000002,129,2.7833431851376416,4.859812404361672,0.5236747905930441
31902,E01033860,Swindon 028F, ,414775,188947,51.59918,-1.78807,bebf944a-0d7a-47d9-b670-fc85acc282d9,14.105499999999996,172,2.646564792248224,5.147494476813453,0.42626061858212766
31903,E01033861,Swindon 028G, ,414773,189478,51.60395,-1.78808,98fb8beb-7307-4cc1-aaaa-e210ea0813c9,14.105499999999996,407,2.646564792248224,6.008813185442595,0.38968557120223823
