rank,LSOA21CD,MSOA21CD,need,IPI,bottleneck,IPI_indirect_low,IPI_commute_down
1,E01015473,E02003219,2.245159081,0.98540146,msoa_out_commute_share,0.97080292,0.97810219
2,E01033845,E02003226,2.029004771,0.920240823,msoa_wfh_share,0.89850285,0.927486813
3,E01033861,E02006849,1.350439955,0.849592413,firm_size_diversity,0.856731845,0.835313549
4,E01015569,E02003233,1.314297062,0.779476797,msoa_same_msoa_work_share,0.715701423,0.807821408
5,E01015524,E02003212,0.546259678,0.760829027,employment_quality,0.735468059,0.77350951
6,E01032703,E02006847,0.8372211,0.713410411,msoa_in_commute_share,0.741115669,0.609515691
7,E01015490,E02003234,1.280295802,0.710320209,employment_quality,0.731418829,0.639991475
8,E01015534,E02003235,0.549679297,0.677713251,modern_sector_leverage,0.722467899,0.588203953
9,E01032715,E02003230,0.7421259,0.669881187,firm_size_diversity,0.581916991,0.730779477
10,E01033850,E02003236,0.78068174,0.668336086,msoa_in_commute_share,0.736533646,0.552400234
11,E01015585,E02003236,0.369065086,0.662262241,msoa_in_commute_share,0.673983697,0.603654963
12,E01015550,E02003220,0.791036298,0.652938356,msoa_out_commute_share,0.74916085,0.515477649
13,E01015510,E02003221,0.351328416,0.62097075,msoa_wfh_share,0.592999094,0.598593425
14,E01015493,E02003228,0.396720526,0.591400714,msoa_wfh_share,0.656454792,0.467206564
15,E01015508,E02003221,0.453284441,0.570941446,employment_quality,0.54057222,0.607384517
16,E01032716,E02003223,0.688267683,0.561564282,msoa_same_msoa_work_share,0.469071341,0.627630668
17,E01015553,E02003220,0.648477271,0.550482178,employment_quality,0.609462411,0.465288508
18,E01015582,E02003223,0.22697701,0.530182748,msoa_same_msoa_work_share,0.505407853,0.52027279
19,E01015567,E02003225,0.612182351,0.520006394,sme_qual_interaction,0.617507592,0.429005275
20,E01015492,E02003234,0.537822424,0.490383078,msoa_same_msoa_work_share,0.521817891,0.490383078
21,E01015578,E02003223,0.357656155,0.477596036,msoa_out_commute_share,0.420054345,0.540891896
22,E01015542,E02003231,0.306620078,0.477436198,employment_quality,0.449997336,0.537801694
23,E01015494,E02003230,0.163295225,0.434759444,firm_size_diversity,0.409185359,0.443284139
24,E01015533,E02003235,0.722461592,0.419574831,employment_quality,0.412914913,0.426234749
25,E01015500,E02003229,0.359343959,0.418136289,employment_quality,0.255527732,0.522670361
26,E01015515,E02003215,0.204525817,0.417283819,employment_quality,0.36038148,0.502637328
27,E01015575,E02003227,0.277437983,0.404923011,firm_size_diversity,0.463530289,0.346315733
28,E01033849,E02003236,0.344467293,0.371250466,msoa_in_commute_share,0.487612553,0.25488838
29,E01015516,E02003215,0.262332608,0.366934839,firm_size_diversity,0.341094358,0.377271032
30,E01015584,E02003236,0.488449322,0.358463424,msoa_in_commute_share,0.444989078,0.265757366
31,E01015545,E02003214,0.09573487,0.341414034,employment_quality,0.349086259,0.341414034
32,E01015505,E02003229,0.10249712,0.339069743,employment_quality,0.2483883,0.429751185
33,E01032705,E02006847,0.170222124,0.332303266,employment_quality,0.297778251,0.3538814
34,E01015507,E02003218,0.118562696,0.327667963,employment_quality,0.235761095,0.395599126
35,E01015491,E02003234,0.008474753,0.324471203,msoa_out_commute_share,0.309020193,0.315200597
36,E01015539,E02003231,0.060798873,0.319995738,employment_quality,0.295380681,0.355160104
37,E01015572,E02003227,0.219034744,0.318610475,employment_quality,0.284298577,0.343118973
38,E01015554,E02003220,1.371223609,0.316479301,msoa_out_commute_share,0.409984549,0.215781342
39,E01015543,E02003214,0.40590479,0.316266184,msoa_in_commute_share,0.459481059,0.167084022
40,E01015502,E02003233,0.053860962,0.312163674,employment_quality,0.2483883,0.369225851
41,E01015483,E02003224,0.282342036,0.301347967,employment_quality,0.252917044,0.328254036
42,E01015511,E02003221,0.211989684,0.295753636,employment_quality,0.290905216,0.300602057
43,E01015522,E02003212,0.178437262,0.274175502,employment_quality,0.287442059,0.25648676
44,E01015489,E02003234,0.182237113,0.268527892,msoa_out_commute_share,0.273003357,0.268527892
45,E01015475,E02003226,0.07389935,0.268101657,msoa_wfh_share,0.307954606,0.24998668
46,E01015529,E02003217,0.264524504,0.266290159,firm_size_diversity,0.276732911,0.261068784
47,E01015571,E02003233,0.144258158,0.245191539,employment_quality,0.145452608,0.315839949
48,E01015487,E02003234,0.054632515,0.235281581,employment_quality,0.187543289,0.283019873
49,E01032706,E02003232,0.209450925,0.234961905,employment_quality,0.139059087,0.326069583
50,E01015573,E02003227,0.040516579,0.231232351,msoa_wfh_share,0.310512014,0.158559327
51,E01015517,E02003215,0.352300354,0.220256806,employment_quality,0.237199638,0.254142469
52,E01015558,E02003216,0.410369913,0.21674037,msoa_in_commute_share,0.270925462,0.192658106
53,E01015519,E02003212,0.18260098,0.212850978,msoa_in_commute_share,0.307954606,0.158506047
54,E01015513,E02003215,0.193870108,0.210773083,employment_quality,0.197027013,0.242847248
55,E01015496,E02003230,0.732745435,0.208109116,firm_size_diversity,0.181256327,0.315520273
56,E01015498,E02003232,0.077789413,0.202195109,employment_quality,0.12499334,0.272044328
57,E01015532,E02003232,0.577651225,0.180510416,modern_sector_leverage,0.141829613,0.315893228
58,E01015586,E02003236,0.079853817,0.179018594,msoa_in_commute_share,0.279716554,0.085779743
59,E01015514,E02003215,0.498321925,0.168309446,firm_size_diversity,0.187010496,0.15584208
60,E01015562,E02003222,0.101047209,0.159465075,firm_size_diversity,0.210027172,0.128349939
61,E01015574,E02003228,0.035917128,0.146251798,msoa_wfh_share,0.227502797,0.058500719
62,E01015497,E02003230,0.302058248,0.141296819,employment_quality,0.152165805,0.130427833
63,E01015555,E02003216,0.204287133,0.140657467,msoa_in_commute_share,0.215674783,0.093771645
64,E01015588,E02003236,0.135590206,0.135382812,msoa_in_commute_share,0.213330492,0.069742661
65,E01015526,E02003217,0.059874463,0.131599979,employment_quality,0.090042091,0.190473653
66,E01033860,E02006849,0.459288527,0.128669615,firm_size_diversity,0.098033992,0.208322233
67,E01015559,E02003216,0.27616491,0.11604241,msoa_in_commute_share,0.174063616,0.05274655
68,E01015563,E02003222,0.247148053,0.115189941,employment_quality,0.115189941,0.135222974
69,E01015477,E02003226,0.029595334,0.111886622,msoa_wfh_share,0.15344451,0.121476903
70,E01015518,E02006849,0.154524835,0.105226704,employment_quality,0.075763227,0.155735521
71,E01015541,E02003231,0.2565783,0.091107678,msoa_in_commute_share,0.121476903,0.065799989
72,E01033846,E02003226,0.971741874,0.048857158,msoa_wfh_share,0.118653098,0.041877564
73,E01015486,E02003224,0.131612946,0.048590761,employment_quality,0.085033832,0.028344611
74,E01015480,E02003226,0.172592395,0.048057968,msoa_wfh_share,0.087378124,0.061164686
75,E01015530,E02003217,0.012689522,0.047152219,firm_size_diversity,0.040865257,0.0502957
76,E01015506,E02003218,0.19843832,0.046353029,firm_size_diversity,0.037082423,0.101976664
77,E01015566,E02003222,0.353608645,0.034205339,firm_size_diversity,0.062709787,0.01140178
78,E01015512,E02006849,0.066728123,0.032127444,employment_quality,0.01784858,0.067824604
79,E01015481,E02003224,0.261450727,0.020459268,firm_size_diversity,0.030688902,0.015344451
80,E01032701,E02006848,0.089279921,0.0113485,firm_size_diversity,0.0113485,0.018914167
81,E01032704,E02006848,0.006096917,0.006073845,firm_size_diversity,0.006073845,0.01214769
82,E01015482,E02003224,0.0,0.0,employment_quality,0.0,0.0
83,E01015479,E02003228,0.0,0.0,sme_density,0.0,0.0
84,E01015478,E02003232,0.0,0.0,firm_size_diversity,0.0,0.0
85,E01015471,E02006849,0.0,0.0,employment_quality,0.0,0.0
86,E01015544,E02003214,0.0,0.0,employment_quality,0.0,0.0
87,E01015535,E02003235,0.0,0.0,sme_density,0.0,0.0
88,E01015538,E02003231,0.0,0.0,employment_quality,0.0,0.0
89,E01015546,E02003214,0.0,0.0,employment_quality,0.0,0.0
90,E01015499,E02003229,0.0,0.0,firm_size_diversity,0.0,0.0
91,E01015484,E02003224,0.0,0.0,employment_quality,0.0,0.0
92,E01015485,E02003224,0.0,0.0,employment_quality,0.0,0.0
93,E01015488,E02003234,0.0,0.0,msoa_out_commute_share,0.0,0.0
94,E01015504,E02003229,0.0,0.0,employment_quality,0.0,0.0
95,E01015503,E02003233,0.0,0.0,sme_qual_interaction,0.0,0.0
96,E01015501,E02003233,0.0,0.0,msoa_wfh_share,0.0,0.0
97,E01015540,E02003231,0.0,0.0,employment_quality,0.0,0.0
98,E01015537,E02003231,0.0,0.0,employment_quality,0.0,0.0
99,E01015525,E02006847,0.0,0.0,employment_quality,0.0,0.0
100,E01015520,E02003212,0.0,0.0,msoa_in_commute_share,0.0,0.0
101,E01015521,E02003212,0.0,0.0,msoa_out_commute_share,0.0,0.0
102,E01015523,E02003212,0.0,0.0,msoa_in_commute_share,0.0,0.0
103,E01015528,E02003217,0.0,0.0,employment_quality,0.0,0.0
104,E01015527,E02003218,0.0,0.0,employment_quality,0.0,0.0
105,E01015509,E02003221,0.0,0.0,msoa_wfh_share,0.0,0.0
106,E01015549,E02003220,0.0,0.0,sme_density,0.0,0.0
107,E01015548,E02003219,0.0,0.0,msoa_out_commute_share,0.0,0.0
108,E01015547,E02003219,0.0,0.0,msoa_out_commute_share,0.0,0.0
109,E01015580,E02003218,0.0,0.0,employment_quality,0.0,0.0
110,E01015568,E02003225,0.0,0.0,modern_sector_leverage,0.0,0.0
111,E01015570,E02003233,0.0,0.0,msoa_wfh_share,0.0,0.0
112,E01015579,E02003223,0.0,0.0,sme_density,0.0,0.0
113,E01015576,E02003228,0.0,0.0,employment_quality,0.0,0.0
114,E01015557,E02003216,0.0,0.0,firm_size_diversity,0.0,0.0
115,E01015556,E02003216,0.0,0.0,firm_size_diversity,0.0,0.0
116,E01015551,E02003220,0.0,0.0,msoa_same_msoa_work_share,0.0,0.0
117,E01015552,E02003220,0.0,0.0,msoa_out_commute_share,0.0,0.0
118,E01015561,E02003225,0.0,0.0,modern_sector_leverage,0.0,0.0
119,E01015560,E02003216,0.0,0.0,msoa_in_commute_share,0.0,0.0
120,E01015564,E02003225,0.0,0.0,modern_sector_leverage,0.0,0.0
121,E01015565,E02003222,0.0,0.0,firm_size_diversity,0.0,0.0
122,E01015581,E02003223,0.0,0.0,msoa_out_commute_share,0.0,0.0
123,E01032710,E02006849,0.0,0.0,firm_size_diversity,0.0,0.0
124,E01032708,E02003223,0.0,0.0,msoa_out_commute_share,0.0,0.0
125,E01032709,E02006847,0.0,0.0,employment_quality,0.0,0.0
126,E01032700,E02006847,0.0,0.0,employment_quality,0.0,0.0
127,E01015587,E02003236,0.0,0.0,msoa_local_worker_share,0.0,0.0
128,E01032702,E02006848,0.0,0.0,employment_quality,0.0,0.0
129,E01032707,E02003232,0.0,0.0,firm_size_diversity,0.0,0.0
130,E01033843,E02003219,0.0,0.0,msoa_out_commute_share,0.0,0.0
131,E01033841,E02003219,0.0,0.0,msoa_out_commute_share,0.0,0.0
132,E01032713,E02006847,0.0,0.0,msoa_in_commute_share,0.0,0.0
133,E01032714,E02003230,0.0,0.0,firm_size_diversity,0.0,0.0
134,E01032712,E02006848,0.0,0.0,employment_quality,0.0,0.0
135,E01032711,E02006848,0.0,0.0,employment_quality,0.0,0.0
136,E01033848,E02003235,0.0,0.0,modern_sector_leverage,0.0,0.0
137,E01033847,E02003235,0.0,0.0,qualification_index,0.0,0.0
