LSOA21CD,log_voa_rv_2023,rv_per_working_age,sme_density,qualification_index,firm_size_diversity,rv_per_employee,sme_qual_interaction,employment_quality,modern_sector_leverage,asset_growth_diversity,lsoa_total_employed,lsoa_home_or_no_fixed_count,lsoa_home_or_no_fixed_share,lsoa_workplace_commuters,lsoa_same_lsoa_worker_count,lsoa_same_lsoa_work_share,lsoa_out_commute_share,lsoa_workers_at_workplace,lsoa_inbound_worker_count,lsoa_local_worker_share,lsoa_in_commute_share,lsoa_outbound_from_swindon_count,lsoa_outbound_from_swindon_share,lsoa_inbound_to_swindon_count,lsoa_inbound_to_swindon_share
E01015471,-0.009169276555379172,-0.022176853070656383,-0.013906089713176195,-0.012322904666264881,-0.07104863077402117,0.008982058862845236,0.001964668929576918,-0.09190967530012124,0.04518044640620541,-0.0003521705667178428,0.10301574468612677,0.040088304877281176,0.01668527896205574,0.014697874089082186,0.06511007497708003,-0.03358278324206676,0.0024711966514587846,-0.18812067831555992,-0.19016092767318082,0.1187601884206136,-0.009979431827863058,0.009917524456978022,0.0018845240275065696,-0.3183446039756141,0.0005513181289035588
E01015473,0.22923687199751552,0.13058745811382919,0.03928385799129811,-0.019142927229404434,0.546787532667319,0.04633169074853279,0.01224143405755355,0.02960803086558994,-0.0029984916249911433,0.01810597628355019,0.036421006917953504,-0.030223545183738192,0.04929940626025194,-0.009459275255600641,-0.24045279522736882,0.028301928689082583,-0.09683958441019043,0.7964605713884035,0.6554081514477729,0.030953220029671824,-0.002179096639156312,-0.016124051312605598,0.00289610773324959,0.7865805879235267,-7.638831933332035e-05
E01015475,0.1108193988601367,0.026335176328817916,0.027120367189248373,0.0066185827056567765,-0.031986642380555486,0.09870936224857974,-0.016369579235712733,0.09424426158269254,0.06538729717334106,0.048786560446023884,0.06932107607523601,0.07391145999232933,0.08189203143119816,0.13827846348285674,-0.006794793903827682,-0.014643410841623869,0.02523144682248435,0.10124992827574412,0.036713946859041835,-0.009370413422584564,-0.010194464027881637,0.04004136274258285,0.08242466201384861,0.045729255676269544,0.007807886600494474
E01015477,0.009721997628609294,-0.05730320587754245,-0.007710057000319237,0.0076793342828750015,-0.03421308398246762,-0.08748530124624561,-0.012293891112009772,0.04002291013797136,-0.006011759241422092,-0.008383930226167013,-0.04740341752767555,-0.0037012279033662074,-0.0326634531219799,0.0051156197985012435,-0.030619952579339287,-0.010013825446367234,-0.0006406928102176875,0.1085495710372925,0.0439619662861029,-0.028477630019187943,-0.013345918059349074,-0.038640238096316525,-0.0015225077668826377,0.11619073202212664,-0.0401269743839899
E01015478,0.10909097815553337,0.3823836425940197,0.0070071915785470855,0.0018255646030108281,0.03099049702286723,-0.06207317709922785,0.0025160223245620137,0.12011528263489406,0.0047409385442733765,0.015448122223218341,0.018122714261213996,0.010493881007035485,0.025893467168013256,0.007934425274530884,0.11760394076506309,-0.004668108622233029,0.1657627349098524,0.18385665565729145,0.46481408029794685,0.038776286939780004,0.025439939896265695,0.004375738402207692,0.015863280495007775,0.2400850688417752,0.015693298478921314
E01015479,0.06823078542947762,0.0728384345769882,-0.04088071783383677,-0.0005547876159349338,0.17435850203037248,-0.018651875356833065,-0.0077208141485851645,0.04736027667919799,1.3811886310444166e-05,-0.05009732047716753,0.07363326946894329,0.017466901242733163,-0.08449834287166591,-0.011649622023105636,-0.147125034282605,0.03897158304850253,-0.00032132814327878734,0.5264758447806042,0.4225454116861025,-0.033633919556935434,-0.014667958517869284,-0.010535507400830793,-0.011057230581839642,0.661604805290699,0.011085935433705618
E01015480,0.05119392921527233,0.0019667228062947295,-0.012215011318524796,0.004836502919594403,-0.04136868417263025,-0.08373310466607409,-0.02016006459792452,-0.05354598661263784,-0.0006832073132196914,0.00017967075109481812,0.06787518163522092,-0.013887410859266739,-0.0402848601341248,0.004139291246732106,0.0015273710091907589,-0.022364605466524818,0.016538703441619933,-0.1297978972395261,-0.07147562528649964,-0.027583996951580092,0.0011209783454736815,0.014112014075120305,-0.009975815812746758,-0.23236375947793322,-0.0007990904152392897
E01015481,-0.0032816718022028457,-0.011903280516465461,-0.0057645668586095615,0.002507116397221972,0.003206471602121989,0.00629191497961686,-0.01722931265830992,0.021085536728302563,-0.01024203871687246,-0.009927411377429992,0.020594397683938375,0.005849684278170268,-0.014082039892673537,0.0021149357159933047,0.022771386305491175,-0.004937752087911029,0.012616600096225783,-0.08814787417650212,-0.07777679190039637,-0.021588059763113582,-0.011792440215746547,-0.0007451171676319627,-0.004613232364257221,-0.2405808637539546,-0.002826104064782564
E01015482,-0.14982110907634097,-0.04669986267884574,0.050784303744633906,0.011428412795066937,0.04388660465677593,0.17083052620291705,-0.01728612283865612,-0.16609853406747174,0.05677587762475015,0.03486406753460584,-0.04890231316288318,0.055876136571168855,0.00898478627204898,0.0034291975200175795,0.018369038651386838,0.017789182563622646,0.004158500830332497,0.2525217220187188,0.150246562808752,0.04060634002089506,0.061081630239884,0.011052193244298106,-0.01053367704153052,0.43052795430024465,0.009344994525114503
E01015483,-0.06686977917949366,-0.03254229376713447,-0.006058249870936061,0.01381461769342418,-0.004944861928622017,-0.008669937650362725,-0.023347214609384565,-0.14789103940129275,0.007776994009812688,-0.01009670719504352,-0.02388485024372744,-0.01375905026992171,0.0003035689393680781,-0.010209681342045437,0.06990255489945414,-0.04700755377610507,0.004934999843438555,-0.28597873747348784,-0.14970360298951454,0.04244691406687092,-0.003674960136413515,-0.0013202602664628877,-0.0024654934803645854,-0.3724232487380505,-0.03578672309716535
E01015484,-0.01890106995900472,0.1354769090811411,0.16012561246752735,0.02151434421539311,0.062061483164628374,0.1092417933046818,-0.021726102630297357,0.025534421950578718,0.034622072180112186,0.022083998223145773,0.187558787316084,0.001998287439346269,0.002586444715658942,0.15498389576872187,0.07268830885489781,-0.02765403191248576,0.02463805476824447,-0.14130817304054907,-0.03866030573844914,0.05633983587225274,0.012733058631420194,0.002464625239372298,-0.0020283132791519463,0.029624109963576045,0.03800456076860422
E01015485,-0.008668263753255134,-0.013914300501346677,-0.0027730127175649897,0.004720088094472959,0.03464198956886929,0.002320158978303214,-0.0057999074459075635,-0.1851823285222054,0.011509660879771047,-0.002463908990224306,0.001703693469365497,0.008150594929854002,0.0011288940906524214,0.0013343619803588187,0.08698189308245974,-0.033135430514812304,-0.013331033289432673,-0.28243370254834493,-0.16494671528538066,0.045568486054738365,0.0062317853172621325,0.0018438604970772616,-0.0019960621992747285,-0.40929962893327065,0.0006343156099319162
E01015486,-0.08848126033941917,-0.03539567142724994,-0.0075443844000499345,0.008460072676340857,0.016763923565546717,0.012500845889250453,-0.019002721210320834,-0.024478403727213438,0.00022391478220621744,-0.002346026400724973,-0.030920790135860354,-0.01037570039431257,-0.011424678067366209,-0.006374269723892212,-0.006006630758444394,0.01332947959502532,0.003378439694643095,-0.08685906479756038,-0.09007877061764402,-0.028332546850045565,0.003556731839974662,0.004532242317994539,-0.004206456492344597,-0.2780274232228597,-0.009060372908910116
E01015487,-0.12357486685117092,-0.036483753472566605,-0.010808997104565362,0.011792901903390884,-0.022194868574539745,0.027889653543631265,-0.01926467965046556,-0.12632701943318048,0.00768026684721305,-0.0021528882284958715,-0.006935691833496034,-0.007417759795983692,-0.014801783859729781,0.008055667082468817,0.07188465818762764,-0.03722308898965528,-0.0033879163364569642,-0.3706558028856913,-0.17594346304734546,0.04598588570952419,-0.004577248791853543,-0.00030433783928551783,0.005096997569004724,-0.3033553811411063,-0.020325157543023293
E01015488,-0.031114682306845998,-0.04756624028086661,-0.0132728298505147,0.02789903481801333,-0.01016745244463261,0.08083084076643006,-0.018525360524654477,0.16743066608905802,-0.02308637946844098,0.012786481281121512,-0.016378568609555517,-0.057629026224215764,-0.024319109817345714,-0.012188908209403326,-0.114718153079351,0.02598972568909323,-0.13521849314371762,0.5293622009456157,0.2937093541026116,0.009449070443709573,-0.02082854037483517,0.004792724549770533,-0.0054705259700615905,0.5789102874696253,-0.013166567186514508
E01015489,-0.03680020819107699,-0.017953586578369096,-0.006549173096815908,-0.13329493477940568,0.0025053903460503513,0.021971748272577935,-0.009451995790004775,0.08948884680867186,-0.0027391518155734187,-0.0013311684131621278,-0.025258843849102746,-0.05845844099918995,-0.01577824776371317,-0.009321848799785112,-0.025695460289716737,0.027855183680852418,-0.013513946781555855,0.02821011220415433,-0.017872673024733905,-0.021834835906823447,-0.02131184662381802,-0.047696445385615016,-0.0008028169473011845,-0.02949135750532143,-0.0017022599776585305
E01015490,-0.001035396009683535,-0.010259904464085867,-0.0137018322944642,0.0015827268362044549,-0.07800219232837347,-0.031048883497714914,-0.01729477718472472,-0.13150817851225552,-0.0008222033580143803,-0.002043895671765069,-0.04560923402508088,-0.02306409776210779,-0.008934739232063263,-0.054475706567366854,0.05268539388974506,-0.08056889176368687,-0.012919240444898561,-0.3049987912178041,-0.22727451100945495,0.03508133888244632,-0.00884987786412239,-0.06376841242114702,-0.0012347300847371419,-0.41238424330949797,-0.0025833686192830254
E01015491,0.12528271799286203,0.07429150839646659,0.0013403808077176265,0.030269980430602954,0.014880961179733218,0.06509212777018562,-0.00803482110301649,0.12070647180080403,0.007759194076061145,0.025299375752608173,-0.0137247674167158,-0.023037178069353164,-0.03194969967007647,0.00791627963383997,-0.12981030667821555,0.014558074623346462,-0.03271529724200565,0.6077495718995728,0.4184554611643156,0.007237869997819428,-0.007837226738532266,0.00807101254661872,0.002019887169202169,0.5280932237704595,0.013933693865934979
E01015492,0.13744355539480857,0.06698378374179192,-0.006890663007895019,0.030937913060188265,0.002930632978677868,-0.015752177933852012,-0.024339283009370345,0.11522176812092488,-0.004683905094862162,0.006075636049111803,-0.023707269132137315,-0.018806717793146726,-0.040571318566799075,0.0038843919833499254,0.021607148150602756,0.006710150837898166,0.001176829387744327,0.3939468279480934,0.1574142076075078,0.052110607922077,0.008102053403854429,0.003889410694440413,0.00028966516256323516,0.31540831973155337,0.014268674453099687
E01015493,0.016731115182240835,-0.026639346033334732,-0.01412002692619955,-0.021860180050134865,0.16003813048203788,0.07692232703169188,-0.0037035559614500744,0.11770185381174099,-0.0011929919322332487,0.006339808305104722,0.04389867931604371,0.0049201274911562605,-0.05168223381042488,0.000796226163705338,-0.09117674430211387,0.004545709739128674,-0.01740888481338813,0.32774973064661045,0.21068160235881805,-0.0384592284758886,-0.014993726213772929,-0.024280540396769856,-0.0007203727960586696,0.41701728502909347,0.00985837330420806
E01015494,0.060526280601819415,0.09826724429925278,0.018209168811639104,0.00082498540480939,-0.2345183993379274,-0.07908203800519309,0.0044976135094959195,0.14326326300700498,-0.0023964484532674004,0.005935835838317767,0.020534010231494888,0.014268089830875352,-0.024408028026421762,-0.05818296273549395,-0.15635273704926175,-0.012912514309088389,0.00852087140083313,0.38226581861575454,0.2974145288268726,-0.005385223527749394,-0.004081001877784744,0.00030551751454677145,-0.005191411574681615,0.16558781315883006,-0.04866494486729297
E01015496,0.047336500883102296,0.0020498089492320868,-0.01141874988873807,-0.010141257693370154,-0.1610402176777522,0.01959919979174929,0.02936773846546825,0.0895664051175118,-0.0008483561376730157,0.00013905564943961224,0.04132516483465828,0.01835446432232864,0.011184767385323813,0.014270962278048138,-0.0039005438486734434,0.0019592598080635515,0.006007869044939588,-0.05222069422403974,-0.04539953718582793,-0.022698344290256484,-0.02296222498019551,0.0008223429322244217,-0.002793554464975904,-0.10813257743914928,0.005033966898918181
E01015497,0.0025281558434168496,-0.01349441707134232,-0.020127121110757134,-0.0482514768838882,-0.15328590547045073,-0.04696214795112611,0.037585556010405176,-0.033800252775351224,-0.00043633530537282955,-0.00408983180920286,-0.047083063920338786,0.009210617343584712,-0.025754426419734983,-0.007160941511392682,0.0062424982587496,-0.010339691738287637,0.013021473586559326,-0.07298755000034969,-0.10454449305931728,0.02242014259099963,-0.0097502614061038,0.0008311882615089269,-0.005945447087287947,-0.22023729334274944,0.0012944166858991728
E01015498,-0.06952020823955533,-0.03801789184411364,-0.007893206924200072,-0.009362343698739931,-0.08205309882760048,0.0061660741766293254,0.025800563146670674,-0.18335817207892738,-0.006819387276967219,-0.008182078103224466,0.027758033076922112,0.024910032749175953,0.02301155229409531,0.0025143181284269143,0.052034868051608285,-0.0033543293674787034,0.007044455409050003,-0.2036033550898233,-0.17280658731857948,0.02456415196259824,0.00868285819888115,0.0007327139377595326,0.002831713358561213,-0.40291687349478406,-0.003229636947314004
E01015499,-0.13948576152324685,-0.06143557156125704,-0.012185507267713502,-0.010776345680157359,-0.2765061470369498,0.05918987169861797,-0.024434675027926806,0.06798597003022817,-0.00845810472965236,-0.014989195019006566,-0.02627585306763658,0.005138176679611324,0.03706335624059065,-0.00677733669678382,0.03557260582844409,-0.016622042904297512,0.002384191999832863,0.002401215831438671,-0.011049508055051152,0.03107810119787861,-0.00053928221265472,-0.009861903637647643,-0.0008509255945684154,0.12565996597210574,0.0004065603017806563
E01015500,-0.007823852201302698,-0.0035963443418343863,-0.0019640135268370607,0.0055825427174568025,-0.16112876410285634,-0.0003297122816244465,-0.020223723848660818,-0.1830190484722455,0.0013897724449636328,-0.00428434436519957,-0.010170403371254558,-0.0016862293084462336,-0.006434558331966415,0.006529891490936339,0.05770203471183777,-0.030000287791093132,-0.0027111455798149997,-0.31683779557545977,-0.1280453073481719,0.0316958318154017,-0.0033243308464686963,-0.007259403665860494,-0.0010736751059690814,-0.3489335844914119,-0.023394459237655003
E01015501,0.16882404834032058,0.07482043653726556,0.00941504190365472,-0.009605296949545409,0.8796170204877853,0.06740844224890075,0.004098483175039099,0.13319587409496333,-0.004344228406746975,0.02125339234868684,-0.04761465887228633,-0.008215578893820444,-0.014383013794819618,0.0011864438652993137,0.06239887699484833,-0.007587150732676203,0.0006588990489642121,0.4501985490322113,0.27493095646301896,0.03987326274315506,0.02245052158832565,-0.012570852537949762,0.00664380192756638,0.6830896084507306,0.019963147491216526
E01015502,-0.1542361681660016,-0.06808861444393788,-0.021354993929465643,0.01709553996721902,0.2806875124573706,0.023615082850058977,-0.03301912372310967,-0.24545834735035896,0.0029606039325396813,-0.005848928789297769,-0.018988394985596384,-0.016914401451746608,-0.02318160186211271,-0.0004912056028842926,0.05622373372316355,-0.05147912278771405,-0.012955972055594067,-0.3262459504107634,-0.16906797265013065,-0.03930584738651902,0.03290261452396718,-0.002913480997085586,-0.002506682525078426,-0.4086246371269225,-0.03262184287110966
E01015503,0.22962266455094005,0.13808897783358898,0.025990435481071383,0.19126074388623238,0.834091144800186,0.2801714142163596,0.13105067263046877,0.15419348130623498,0.007314456005891164,0.03811920831600838,0.0032326534390449226,-0.00969292223453507,0.09475761627157538,-7.278819878897558e-05,-0.08696545263131461,0.08686155925194461,0.21586323926846185,0.7197693223754564,0.5119744578997295,0.1203806988894937,0.02938256586591385,0.01824976056814198,-0.0005568439761794627,0.6191190545757611,0.021804216007391613
E01015504,-0.05090002293388044,-0.02624849503238987,-0.013351457317670143,0.02705892821153011,-0.12095786283413575,0.03157481302817663,-0.003996900717417429,-0.03726338595151901,-0.0026036602755388216,-0.0006518090764682238,-0.00753080795208616,0.007213545093933682,0.0295646068950494,0.03404129172364878,0.07908386513590811,0.06121665363510457,0.006709525485833516,-0.08488932028412817,-0.11685730641086904,-0.019832107921441338,-0.004516316950321213,-0.00085392147302632,0.0042569249868393095,-0.17939908256133386,0.007883161306381226
E01015505,-0.11204114879171041,-0.05827791119615252,0.0026675644020241287,0.001365374277035425,-0.13066521883010865,0.041323957095543484,-0.016100688527027767,-0.17539804875850673,-0.00039078940947849067,-0.0011129664878051226,-0.001642797390620047,-0.001466729491949111,-0.005314220239718799,0.0011760093271731737,0.04594926635424298,-0.03978381156921388,0.007304180661837319,-0.29208602507909137,-0.15892387802402172,0.032778201748927684,-0.007204448928435673,-0.0015050667027631803,5.871057510449991e-06,-0.32656451488534616,-0.012095063676436832
E01015506,0.04069153567155204,0.009201919039090548,0.0008037442962329777,0.027892210334539442,-0.03866413335005451,-0.06314252292116485,-0.02852593958377847,0.08839495033025746,0.008305299778779437,0.0038581465681393943,-0.015282150854666924,-0.011493927737076989,-0.021459402143955215,-0.0021478901306789164,0.003136307497819235,0.004811760783195451,0.016978864123423937,-0.11451583156983054,-0.10166259010632839,-0.030694887042045593,0.004159077753623268,0.0005306559304396608,-0.0028147757053376132,-0.2619026884436608,0.003030786911646599
E01015507,-0.1614650676647822,-0.07839470605055476,-0.028817792236804918,-0.004714252551396643,-0.09910447299480436,-0.0390361621975898,-0.06089975734551745,-0.3243128510812918,0.00555954203009601,-0.0033375134070715204,-0.043478364745775856,-0.02242379685242975,-0.06632167845964416,-0.006915969898303305,-0.006976748506228129,-0.07695424308379477,0.008323454360167052,-0.028860915452242047,-0.02838903044660886,-0.10072014008959133,-0.020023861527442916,0.0024960920214652424,-0.07404345422983176,-0.030504996577898662,0.0007797330617904663
E01015508,-0.16908329551418624,-0.11879783223072689,-0.0820139000813167,0.0026873469352722465,0.14263652662436158,0.04336456656455989,-0.07162107477585462,-0.19929777160286885,-0.004629684736331259,-0.041842683156331294,-0.03235592916607858,-0.035112359871467026,-0.036480983843406,-0.004552233219146773,0.041714103768269194,-0.027522762119770006,-0.03328972732027369,-0.19854364916682252,-0.13762463753422102,0.005107444524765044,-0.016054647167523656,-0.04969787051280328,-0.05642918894688287,-0.16304912889997158,0.0021329216659068027
E01015509,0.33359042157729446,0.1366233736276629,0.03397940546274203,0.01979575554529826,0.5305688604712487,-0.029582210381825735,0.031008887539307455,0.13525978575150166,0.006205857296784541,0.020690434674422036,0.0099395344654718,0.0006981958945591801,-0.03839021399617204,-0.0025200625260672163,-0.16474356328447648,0.05869136204322197,0.003927557667096515,0.7079974991579848,0.49237812062104536,0.0870179643233621,-0.012340963383515794,0.030422871808210905,-0.0014406879742939378,0.764202910164992,0.011145954330762153
E01015510,0.14204815576473884,0.07015612969795855,-0.004031952222188551,-0.04024078448613477,0.25873768528302515,-0.10977325538794196,-0.0328228952984014,0.11833362579345708,-0.005368697146574582,0.00382506002982456,0.03103014528751369,-0.01877774919072787,-0.04490694403648391,0.006499663988749423,-0.1514197429021201,0.01451451331377022,-0.08522262076536806,0.26209927896658586,0.12049345225095738,-0.10122215896844862,-0.016671285529931284,0.00511553684870399,-0.006302879254023397,0.11124801933765416,-0.12991141925255442
E01015511,-0.03944323559602103,-0.033197209984064134,-0.019400418798128632,0.017115072657664692,0.14672682061791412,-0.03941455384095501,-0.03490708644191417,-0.11111995776494339,-0.0024968129893143676,-0.00681601365407299,0.012452401220798567,-0.009415309131145522,-0.037472429126501026,0.02487906018892927,0.02755942692359281,-0.0182772700985272,0.016907769193251838,-0.30246787965297717,-0.15722841272751467,-0.037805554270744425,0.023629548648993026,0.002770165105660638,-0.005986534804105714,-0.34309488336245225,-0.0030659347772597676
E01015512,-0.07086292977134374,-0.03942135373751321,-0.011211129029591907,-0.013921641806761365,-0.14300055603186293,0.035546841224034655,0.01953377226988488,-0.06566075955828032,-0.0034912685553233716,0.0022944142421086333,0.017355487495660737,0.013202773034572587,0.023889273405075,-0.0009333054224650953,0.04326900442441306,-0.01667788972457244,0.019231733183066035,-0.2421260689695676,-0.10644774660468108,0.01418899744749084,-0.009745224813620132,-0.001213103036085646,0.004951836168765933,-0.2561816131075223,0.006882819036642562
E01015513,-0.05121639370918266,-0.0342895979682604,-0.0037525969247023117,-0.037122963865598026,-0.19410303731759374,-0.025209491451581467,-0.01196891069412224,-0.11402813692887619,-0.0001301740606626615,-0.024639030794302668,-0.037148344020048775,0.0029891406496365125,-0.00043589447935432624,0.0016507081687450558,-0.03454091126720112,0.002816379566987326,-0.05256329327821718,0.006697850922743405,-0.06636457964777942,-0.02156238357226048,-0.02031260530153922,-0.03744254286090539,-0.0426301057140032,-0.11832211986184116,0.0005685540537040031
E01015514,-0.013456539561351214,-0.032459865758816285,-0.01021061142285662,-0.01218583881854999,-0.16109546795487403,-0.044869672755400325,-0.016782451421022415,-0.037219837556282664,0.0009359687566757499,0.0014203483859697534,-0.029904403040806365,-0.038723066200812596,-0.014700898776451865,-0.015246994545062398,0.0045930827657382585,-0.002534218380848552,0.004743901640176684,-0.25778597493966426,-0.1518542173008124,-0.044491409013668624,0.015033157914876952,0.0008980341255662901,-0.003995813677708219,-0.31747189015150074,-0.018999474744002025
E01015515,-0.10611625040570909,-0.034834932784239436,-0.006093677630027179,-0.004284832378228409,-0.14303662752111748,-0.037365414947271226,-0.01310403471191727,-0.20531485353906934,-0.001009561866521791,-0.010102177908023147,-0.010091615716616356,-0.00038802400231359907,-0.0014913216233253257,-0.017262042313814268,0.039964748919010175,-0.01989591146508851,-0.005304524550835336,-0.2724485253294309,-0.14631888791918754,-0.03318777879079186,0.0085902194182077,-0.00435537124673524,-0.0024124306937058915,-0.3122173448403676,-0.020713004718224164
E01015516,-0.018268314500649845,-0.01239114627242103,-0.007656957705815722,0.015178071955839792,-0.26896141916513455,0.04376308222611747,-0.017032944659392053,0.16708164215087903,0.007718751827875699,0.0013963942726453737,-0.029139243066310883,-0.023303574572006786,0.01443700417876248,-0.01621583600838979,0.012908590833346093,0.005497537056605051,0.007012525697549214,0.0928565765420597,0.028898458679516976,0.0177864459653696,0.002711998919645945,-0.015100263059139252,-0.002754758795102452,0.0074593906601270925,0.0017300928632418462
E01015517,-0.07625530411799741,-0.04521846895416578,-0.014262878894805894,-0.04484588056802755,-0.1349449853102367,0.025687389324108672,-0.02550460398197174,-0.07156502306461336,0.00329018707076704,-0.002613623440265611,-0.033121164639790944,-0.01695364813009907,-0.012087545295556371,-0.03726491505901016,0.030931253234545524,-0.023879441122214,-0.00994200507799777,-0.2320804407199224,-0.1234733273585636,0.012611349672079072,-0.006062699854373947,0.0014724433422088623,-0.005190127591292078,-0.2335994171599546,0.0035737777749697366
E01015518,-0.14819497019052497,-0.06781327476104108,-0.05356740603844323,-0.01092817982037871,-0.13297559718290963,0.043049181997776,0.009128345300754015,-0.10631223320960996,-0.0018317977587381702,-0.0034801438450813293,-0.004887996613979428,0.0001402810215949124,0.016897957523663854,-0.03211306706070897,-0.013794057567914297,0.010797355572382594,-0.049808509647846076,-0.09276558607816703,-0.10456533034642534,-0.026243498921394288,0.006033029158910057,0.0009337936838468656,0.002515612045923913,-0.21926810244719194,0.004790806273619275
E01015519,-0.0014842766026655536,0.00965129385391883,-0.01942820101976402,0.003201560427745257,0.10075034201145172,-0.0814855493605137,-0.021106204887231177,0.050065050522486367,-0.002907729148864835,-0.05628938376903547,-0.028777225315570847,-0.01423009559512134,-0.019826778272787744,-0.013279979924360955,-0.03370155294736232,-0.021396813790003428,-0.02054870426654813,0.003088653087615967,-0.0807262182235718,-0.08319171766440081,-0.006142666439215312,0.0004963214198748419,-0.039081253608067724,-0.05298245896895715,0.005144547919432307
E01015520,0.12261661539475144,0.055981461952130086,0.014598361651102879,-0.0215239167213442,0.09734469354152675,-0.0997638317445914,0.02182770470778143,0.16395178536574048,-0.01428333620230345,0.0027624150117239545,-0.020255995541810828,-0.006195315221945534,0.03347270190715775,-0.014147769908110433,-0.06290895392497364,0.018976698815822573,-0.1731534784038861,0.17805494169394157,0.12350540707508746,-0.025201233228047792,-0.01135866641998288,-0.01328822995225587,-0.03526989842454594,0.2729425333440303,0.009333291649818332
E01015521,0.0887295722961426,0.07001969714959462,0.0032988366981347252,0.0005569726228715766,0.15255656391382214,0.012416924536228299,0.006360249966382921,-0.033530050267775856,0.0021241771678130275,0.02866712212562561,0.00548667858044305,0.012152998646100421,0.06586044033368436,0.0593329556286335,0.0031599784890812277,0.04051354105273863,-0.02431869059801084,0.31687658528486873,0.19776139954725913,-0.0014530614018442023,0.035661603013674346,0.00042029470205307007,0.0014612610141434927,0.23496317019065227,-0.0005684221784273783
E01015522,-0.07678689832488694,-0.03776999861001973,-0.016386569788058598,-0.0012350720663864372,0.02783440425992012,-0.022061598052581195,0.0019248127937316895,-0.137918229897817,-0.012500082453091865,-0.009485929707686061,-0.03300572882095976,-0.007721780240535751,0.00246370683113728,-0.011377706875403737,0.06259973769386613,-0.0491241281231245,0.004968991627295842,-0.3305379182100296,-0.1854492776095867,0.03145438581705092,-0.022959510485331142,0.00010552530487376958,0.006165627141793584,-0.3673266837994256,-0.005193482339382216
E01015523,0.0600383510192235,-0.01600492497285207,-0.007413898408412815,-0.018534139792124444,0.11168005118767425,-0.10317169974247609,0.015091616908709193,-0.042771679659684425,-0.003475974996884753,0.0033573155601818914,-0.010941679775714993,0.011743579804897339,0.04387385447820025,-0.018454894423484802,-0.019408937791983272,0.034581792851289185,0.0014132469892501238,-0.017930975059668192,-0.14074274003505707,-0.08149641702572508,-0.062430246671040836,-0.0007825389504432975,0.0021794055898984124,0.15163087149461116,-0.0600265766183535
E01015524,-0.008879540115595034,-0.013319900880257288,-0.0414763803283373,0.007711069037516949,0.03233854994177824,-0.017091744889815758,-0.026519644012053718,-0.20948263133565584,0.0007123184700807231,-0.0017963657776513358,-0.04220344598094631,-0.032458597173293434,-0.04005541379253078,-0.016019099454085046,0.06051676273345955,-0.044447897126277315,-0.035527295619249354,-0.3658720309535663,-0.22856891453266148,0.03255547657608974,-0.016406621535619042,-0.02370831022659936,-0.0014808423817157153,-0.42995396430293703,-0.02161987324555718
E01015525,-0.058487339566151375,-0.04353786582748098,-0.009397620956103006,-0.0046229384839534165,-0.11868677884340288,-0.008567881584167436,-0.005491468807061602,-0.19079146087169643,-0.0062508180737495716,0.0003781855106355092,0.002801239738861705,0.011690658579270133,0.015606592347224613,0.0016052298247813586,0.028955937922000945,-0.012407735238472606,0.009325776994228319,-0.22855331103007007,-0.18127575119336456,-0.05217401136954621,0.05928366457422577,-0.00133379821976017,0.0005296647548676722,-0.348829639951388,-0.013216328124205404
E01015526,-0.05710460022091857,-0.02579042787353214,-0.018113716940085123,-4.322205980626196e-05,-0.095730702082316,-0.004441235462824415,-0.012154010931650916,-0.17557215491930647,-0.0002813232441742919,-0.009731312592824226,0.003642498950163553,0.0034249355395635415,0.0008934661746027306,-0.0002511516213416313,0.06597399264574055,-0.017849644521872248,0.0054080292582510125,-0.2169885476430257,-0.1723785857359569,0.04275595496098202,-0.0017902250091235878,-0.0009476646780966677,-0.009101036687692096,-0.21802571713924399,-0.02785129795471823
E01015527,-0.09374389151732128,-0.058958507329225585,0.02812974651654569,0.024276472131411264,-0.05709669515490523,0.08783984358112007,0.00382237732410425,-0.02374420315027237,0.012270964930454875,-0.003013081351916025,-0.005708609521389037,0.003752547999223014,0.003997402886549706,0.005811970184246729,0.04880783657232916,-0.018216926356156533,0.02773168981075284,-0.04992257903019589,-0.03375555574893944,0.062318900972604695,0.042664123823245394,0.00375355879465733,-0.002083017677068607,-0.004405783365170206,0.03122103586792953
E01015528,-0.03548208748300863,-0.03833102037509284,-0.01489020586013782,0.013143212099869942,-0.14178989827632904,-0.033857678373654686,-0.02057680264115347,-0.16537939459085452,0.003454087674617782,-0.011291558543841044,0.01495305622617408,-0.008816924194494943,-0.024063444137573258,0.012783726553122024,0.0006854725380739021,-0.03541523267825449,0.014300508052110805,-0.15665172040462486,-0.08324457630515088,-0.034500528872013124,-0.009988396614790007,-0.001184762020905783,-0.005226285507281547,-0.12688476393620177,-0.012183675169944749
E01015529,0.035368989904721516,0.009870891769727072,-0.006639686723550235,-0.006491909921169252,-0.1526194560031097,-0.05918344060579939,-0.022772281368573566,0.11174902717272439,0.007233525315920586,-0.014169806987047137,-0.011177507042884782,-0.014815621078014374,-0.0244647522767385,-0.00854047685861592,-0.005985570450623756,0.00541590551535287,-0.009828150769074728,-0.04412581125895191,-0.041055866082509405,-0.02391519099473956,-0.010083022216955747,-0.011959594736496548,-0.0018047049641609636,-0.18656225999196363,-0.01087936237454401
E01015530,-0.004853114485740513,-0.015880154073238433,-0.004162752628326401,0.016190214455127805,-0.1510979622602462,0.019093511501948008,-0.01654781624674806,0.06353009293476759,0.007405138512452429,-0.008768376211325238,0.01734496752421048,-0.0014604724943637997,-0.02334468513727191,-0.009729568163553859,0.022160279005766004,-0.013799690703551063,0.0018125732739765847,-0.005268740902344415,-0.0204905425508816,0.0004989586770535551,-0.004609239349762688,0.003887082636356324,-0.0024034127593040764,-0.06197813550631196,0.0034351651867229696
E01015532,0.04657874355713535,0.057183236877123456,-0.0034530227382977654,-0.026496723790963534,-0.11793054019411413,-0.06730882599949835,0.02531536271174743,0.11407707631587982,0.0008837580680847168,0.00431397507588079,0.015802249809106234,0.016251729428768142,0.04044630229473108,-0.039627746492624315,-0.03655697156985608,0.019626614451408342,-0.0809841116269429,0.10826468418041868,0.05038058732946723,-0.014573524147272051,-0.031072429815928098,-0.0003649599850178061,-0.0015576466917991787,-0.02298876444498695,-0.029312565426031778
E01015533,-0.021073487401008634,-0.02133387898405381,-0.010605321079492525,-0.022061008463303278,-0.06431787908077242,-0.037898743649323885,0.02550637076298397,-0.08122673754890752,0.002289474507172873,-0.01566406687100737,-0.02701667522390679,0.004337746401627947,0.034307996431986565,-0.014367065578699009,0.014815275371074632,-0.017261981219053313,0.011921085913976004,-0.18653353303670892,-0.12093293219804775,-0.040605874111254936,-0.011798509458700682,-0.00869745810826624,-0.0082437415917714,-0.1599338367581368,0.0008860945701599418
E01015534,0.14945868849754337,0.09914829929669693,0.0011454011003178,-0.019218917439381384,-0.06343631694714229,-0.09440297385056806,0.02035117894411065,0.0962807605663935,-0.009604665637016193,0.0012727263073128252,0.02898477911949149,0.012948346138000518,0.03866209040085492,0.0034653174380461227,-0.08225990384817106,0.030357529719670612,-0.03650026718775434,0.3639637179672716,0.22703528801600129,-0.0115180095036825,-0.01973835205038384,0.002930680165688241,0.0026951382557551065,0.3735823402802149,0.007422315080960695
E01015535,0.011338285108407323,-0.010822347303231469,-0.005859168867270226,0.2020800056556861,-0.05223005563020703,0.02400466104348505,0.07633460735281321,0.03568789288401616,0.19570297772685694,0.09686684782306365,0.07378020808100705,0.041808841129144104,0.5160654097795488,0.07593294506271679,0.027933316429456106,0.0007513453563056475,0.02192096511522923,0.11892036845286673,0.4814048526187738,0.04287339299917203,0.016221961627403747,0.003132891654968143,0.03086459711194034,0.06755177925030376,0.009720331430435122
E01015537,-0.10398965875307715,-0.04244528015454615,0.04862219666441292,0.02451717903216677,-0.13653234715263052,0.0478802402814229,-0.023934194445610107,-0.02907879501581186,0.014435761421918972,-0.0029893318812052407,-0.002758950491746237,-0.01897783279418948,0.043880191445350825,0.013224869469801689,-0.01027703185876209,0.06191528638203936,0.004820376137892361,0.007243900994459818,-0.05931830157836271,-0.027281010150909484,0.008608450243870358,0.004146089653173979,-0.004637754956881235,-0.23888263454039893,0.04213250527779263
E01015538,-0.03275238474210096,-0.0332055230935416,0.0017660697301229433,0.014960751682520016,-0.14065639177958178,-0.02429820597171776,-0.017671643197536557,-0.10646998335917786,-0.0003501539429028681,0.010650656620661373,-0.002741935600837131,-0.01918715337912243,-0.03247036288181948,0.03003391822179154,0.03530652374029164,-0.002976275483767147,0.01732838104168562,-0.1362557341655095,-0.10019457687934241,0.002490346630414327,0.0024456046521664407,4.9086411794130314e-05,-0.002225486437479699,-0.25237079933285717,0.0005687082807224186
E01015539,-0.08068238397439327,-0.037566828976074884,-0.012606980154911573,0.020954899738232207,-0.11441310594479244,-0.03877551928162578,-0.025234146167834554,-0.21032673691709838,0.01054377406835553,-0.002212298909822996,-0.015321449438730891,-0.01758280297120418,-0.028376131753126883,0.0025744748612245663,0.049419360111156996,-0.039244079589843696,0.0018481800953546272,-0.3073660413424173,-0.17897427901625637,0.026032229264577305,-0.003821455935637171,-0.0026491458217302957,-0.004239733517169923,-0.2535894153018792,-0.024811308085918322
E01015540,-0.019432881474494918,-0.02399146705865866,0.0005249306559562683,0.02328737129767733,-0.16307598849137617,-0.023254830886920114,-0.01826621045668908,-0.058941583335399596,0.009051312506198839,-0.004792144894600003,-0.0022010043263434773,-0.014314688245455454,-0.04015644739071552,0.0160647508998711,0.02301928773522362,-0.004827033976713653,0.016912127782901187,-0.055678853392601,-0.04742676417032884,-0.005970555543899432,-0.006781297425429027,0.002193266650040974,0.005018457273642178,-0.21688462346792212,0.004549600680669119
E01015541,-0.002767060945431332,-0.007981866598129272,-0.006602759659290284,0.021047088007132286,-0.1912245015303294,-0.03531409924228979,-0.019825822611649817,0.01279280384381624,0.008329734702904842,0.0007977565129598426,-0.03900087351600338,-0.016738677024841293,-0.03524681379397706,0.0030268907546996773,-0.007374500483274445,-0.024772430956363722,0.013487441092729554,-0.019085113704204588,-0.03397840013106664,-0.0029748260974883736,-0.021240535626808905,-0.0008737474679947344,-0.005829616387685199,-0.07796285847822822,0.0026067589720090525
E01015542,-0.06574727445840822,-0.047145515680313034,-0.022157263755798406,0.015355108429988181,-0.12066432709495227,-0.007638407995303502,-0.018775616089502994,-0.2282702925304572,0.006785290439923708,-0.0029472361008326953,-0.02554346372683843,-0.040755296250184335,-0.018616842726866405,-0.0015358758469423694,0.0326688326895237,-0.0302495372792085,0.004796806971232155,-0.3021252527832985,-0.1608260345955689,0.014927485585212693,-0.00818010270595552,-0.0187019643684229,-0.009229594469070493,-0.32329958553115523,-0.009111890196800218
E01015543,-0.08346468706925703,-0.04461576392253249,0.004246640453736017,0.018610772987206776,-0.04180929809808731,0.05870908498764053,-0.022620116670926338,-0.008638510604699482,0.000677148252725616,-0.009798379242420108,-0.021420788019895554,-0.014365168164173955,-0.008841873953739846,-0.0031232764323552153,0.005790893981854062,0.006598106523354759,0.0036625549197197107,-0.08825994183619816,-0.061330067863066974,-0.02922381088137634,-0.014027000218629793,-0.0005224205553531943,0.0016135461628437042,-0.15157524918516474,-0.004592585563659639
E01015544,-0.0312900771697362,-0.022026731818914458,-0.009318500757217407,0.023698713133732435,-0.026010152697563054,-0.06818236038088792,-0.01961459989349053,-0.2447451745470366,0.0018605979780356534,-0.007817243039607957,-0.024824628978967683,-0.019081428150335977,-0.03860657090942062,-0.0011094013849894206,0.03673546637098002,-0.019702547540267384,-0.0026755064725875557,-0.24256912817557663,-0.15101392591993026,-0.028151261309782665,0.00792302290598553,-0.00014307747284562447,-0.011553682386875153,-0.29429851993918416,-0.009927790115276927
E01015545,-0.0530559788147608,-0.029580108324686643,-0.008527681728204062,-0.009246139725049396,-0.016674142579237605,-0.09773769875367495,-0.022276638944943656,-0.19794629116853088,0.0027579709887504875,-0.006897560507059142,-0.03692581777771298,-0.022961481908957193,-0.058606573939323336,-0.028270763655503444,0.019759920984506518,-0.003957751144965549,0.014217441777388299,-0.16956859553853673,-0.09917421961824095,-0.02403966883818313,-0.011002985139687782,0.0009566297133764371,-0.013178336123625437,-0.2068996593356133,0.004281236728032341
E01015546,-0.04208935325344417,-0.04354568297664311,-0.011973743637402853,0.016884251435597797,0.007554150869448921,-0.07972959205508223,-0.015925553689400223,-0.230599627395471,0.003577277561028843,-0.007925089200337668,-0.0314663497110208,-0.023419202615817463,-0.049306783328453806,0.0024140415092309317,0.05526612525184945,-0.017524001995722422,0.013906709849834517,-0.2765652711192768,-0.18093934531013164,0.033023868749539075,-0.006862396250168453,-0.004017517964045221,-0.00700149064262708,-0.28676961511373517,-0.004354446629683206
E01015547,0.09919956227143611,0.028380914529164542,0.08718096837401383,-0.0821117761234443,0.6201451689004897,0.12898299594720206,0.09353732218345005,-0.004854164520899336,-0.008161595712105582,0.018902009725570768,-0.012050743897755586,0.02862355162699992,0.03015230372548087,-0.0006399263938267433,-0.28517118493715904,0.07376308093468342,-0.14910761614640541,0.6149752537409464,0.5774449311196802,0.02942713623245563,-0.029847341527541465,-0.018437034885088483,0.022647795081138566,0.8499256347616515,-0.023939101149638375
E01015548,0.09422399774193775,0.04506083379189185,0.295253885537386,-0.008478822310765688,0.5719409922758739,-0.07625706916054109,0.23385387957096104,0.16611140271027866,0.1941053216656051,0.014121150473753655,0.14117922782897954,0.029736760258674517,0.07068116416533776,-0.005854293704032824,-0.048469326148430726,0.09600376933813097,0.09935357918341962,0.15629444817701973,-0.032203225294748915,0.006736494600772784,0.07308434943358118,-0.00047582983970636167,0.1460074653228125,0.11830620368321736,0.0182967881361642
E01015549,0.2005294159054758,0.11502121090888966,0.026665895432233855,0.018056353429953376,0.16237801139553376,0.030014707148075265,-0.0039532840251923496,0.11383396685123441,0.04699137012163823,0.019642779231071456,0.009532538553078748,0.007562866806983666,0.0009254058202106119,0.012280927350123575,-0.10197653869787852,0.05335238029559471,-0.004123056928316678,0.5476392125089965,0.5788844645023347,0.03565596044063576,0.06342921257019052,0.0075068359573683035,0.0052083700895311225,0.6359083866079647,0.053877634058395886
E01015550,0.06936588883399956,0.02474724253018697,-0.0006991788744926305,0.023909515639146228,0.06684377590815223,-0.01856036235888799,-0.027821517984072175,-0.0003061587611834504,-0.0009969512621561538,-0.0075172831614813695,0.0191589906811714,0.006805970271428559,-0.15309162139892588,-0.0022057240207990305,0.06940861095984789,-0.014462602635224808,0.0231947779655457,0.2675939222176869,-0.026267224053541833,0.040467768410841654,0.016825178265571655,-0.005675914883613557,0.0006055220961570148,0.2659897526105246,0.001376120249430235
E01015551,-0.022432398796081648,-0.02908411224683105,0.033282448103030715,0.059100296845038626,0.09071136365334202,0.08826992164055514,0.03868596504131946,0.12990231662988663,0.04458472381035494,0.020065737764040675,-0.008204393585523162,0.012486716359853656,0.046398426343997524,0.0005453144510586169,-0.10337239404519398,0.09092628459135683,0.003464041153590003,0.7675641179084778,0.5704172601302465,0.032543069620926936,0.012716528276602412,-0.0034402425090473234,0.000687602659066607,0.9158749664823215,0.017764945824941075
E01015552,0.11091770430405945,0.06203310663501438,0.006918420394261678,-0.00087297707796082,0.10330332616964988,0.0184655020634333,-0.021851451198260003,0.10181537568569181,-0.0020778303345042972,0.008111746609210954,0.02273620416720723,0.01878326733907058,-0.012350772072871422,0.0032781203587849785,-0.14728958557049432,-0.006463961799939355,-0.0029633864760399606,0.6518732607364653,0.44113459760944046,0.0038314138849576316,-0.003118280569712454,-0.01452955603599563,0.006808123240868176,0.6688687920570372,0.007715479532877545
E01015553,-0.035649209221204105,-0.027348363896210943,-0.020113953451315576,-0.017622324824333235,0.0021765723824502814,0.004728063444296549,0.024010735750198336,-0.11266127278407412,-0.005490921686092998,-0.012605231006940146,-0.00587900951504694,0.004231048623720775,-0.011689900606870696,0.010279634594917356,0.04903263151645665,-0.04029583334922789,0.02012009869019186,-0.21159030199050913,-0.10465826417009046,0.024866717557112228,-0.008072226494550675,-0.008893555402755752,0.000589374452829361,-0.28553369243939714,0.004859085381031007
E01015554,-0.051306122541427523,-0.01852422207593918,-0.03235797186692543,-0.0010636853675047853,-0.00606643656889605,-0.008465927342573861,-0.020329386244217467,0.04164575090010958,-0.0011214015384515275,-0.009983782470226318,-0.026539852966865007,-0.012683632969856232,-0.02188858613371843,-0.011804734418789561,0.028510516385237272,-0.011049126585324531,0.017036488155523832,-0.13534031783541045,-0.10766963412364317,-0.016474077353874888,-0.009133619318405653,-0.00628965546687447,-0.007520298163096036,-0.31054937193791066,0.0049861791233221835
E01015555,-0.019200547536214325,-0.00976702074209849,-0.008702737589677175,0.009675988554954587,-0.1403401161233584,-0.018004210789998327,-0.025328326721986223,0.014796964824199751,-0.0005358248949051495,0.0019859614471595677,-0.019235540429751063,-0.01175984243551905,-0.010296719769636642,-0.01853495364387821,0.03681230594714487,-0.00873401587208115,0.006649751961231261,-0.11227308064699175,-0.08038512145479526,0.006759374837080667,-0.009286558131376946,-0.002089279890060395,-0.006243008871873235,-0.27920382022857665,-0.010905072093009949
E01015556,0.026150910804668914,0.012502745042244578,0.007908522337675139,0.006291982531547502,-0.17998992552359905,-0.040736532211303654,-0.009267536302407509,0.05780214617649704,-0.0018557553490001766,0.0018872767686843872,0.009146791696548492,0.0036195951203505197,-0.006564512600501393,0.006118632356325815,-0.021472120781739507,0.018568701048692127,-0.008262245853742023,0.011504920323689808,-0.009358611702919037,-0.01824881285428992,-0.009986037512620246,0.01775890514254567,-0.0023842821518580415,-0.022861302395661642,0.02200322101513545
E01015557,0.017474738756815638,0.013407978912194585,-0.007850320140520747,-0.004029013961553529,-0.20973161235451707,-0.04234634339809418,-0.013127873837947742,0.08583487371603653,-0.0003752589225769487,0.006325706094503447,0.009499770651260953,0.007840515176455046,0.003543499112129256,0.009770335257053361,-0.023910786211490603,-0.015345995624860128,0.009234044204155559,0.08222670977314313,0.031080231567223764,-0.03043901746471711,-0.01710812052090967,0.0013040959835053378,-0.01228200544913601,0.055220780024925885,0.008213651180267364
E01015558,-0.08630662535627683,-0.04473023936152476,-0.0077833086252212524,0.010123185565074374,-0.11350318739811589,0.0061902637283008195,-0.0327296306689581,-0.02452899689475685,0.0005735715230306138,-0.005115551501512439,-0.053611610084772034,-0.02708838706215218,-0.026103488107522315,-0.005480609834194183,0.016311872502168034,-0.014054888486862094,0.016496043652296066,-0.18642422407865525,-0.13499736835559215,-0.02331067025661489,-0.006624489525953958,-0.018167520811160316,-0.00822204848130544,-0.2208635812004406,0.0037892289459705206
E01015559,0.002890026321013798,-0.008269249647855878,-0.023246426880359605,0.009490251044432277,-0.15298297479748713,-0.06122928808132796,-0.02267355918884273,0.020499489208062476,0.0007238984107970451,-0.0006677950421970132,-0.011960447579622299,-0.008210040132204721,-0.024006265898545598,-0.006087619562943791,-0.0037166488667329154,-0.02000888735055913,0.0004182070493697528,-0.08099484145641322,-0.06058959166208896,-0.028288170198599527,-0.010261940211057604,-0.0009287158648173163,-0.002804145961999923,-0.16320683111747095,-0.01384236291050911
E01015560,0.0374902317921321,-0.01925577074289316,-0.013000559806823834,-0.010856418063243186,-0.1876075387001038,-0.032713790237903696,-0.01120950927337024,0.03302456388870878,-0.004237360258897131,0.0022926022609075503,0.04341209977865216,0.014268657565116897,0.0012994552652042153,0.01205538908640554,0.01390717228253687,-0.009155593315760324,0.010592668255170171,0.022725185255209574,-0.001296461125214865,-0.006943493336439177,-0.003515216708183259,-0.0016564741730689854,0.0015666450063388144,-0.05891719510157908,-0.016974058250586104
E01015561,0.12580452015002552,0.11694407165050509,0.028415235380331822,-0.032852127154668086,0.4582562764485676,-0.04493720208605123,0.046628834803899157,0.1525225818157195,0.01456926440199228,0.020513279239336768,0.015878795335690254,0.010496808588504658,0.057972382009029134,-0.00045372843742367647,-0.11569049010674148,0.04229943205912893,-0.00886906807621298,0.5503922288616498,0.319992105662823,0.009683788816134076,-0.019532928864160953,0.001990266640981009,0.003433488309383318,0.5601852844158806,0.005878482262293187
E01015562,-0.043599436680475945,-0.016211757063865646,-0.007468324899673491,-0.01467971627910932,-0.1599670916795731,0.043448099990685884,-0.004324557880560631,0.09389623875419313,-0.0006909211476642992,0.0003919668495654764,0.004631228744983599,0.023262913773457166,0.011196175962686628,0.0004195630550383189,-0.003698032597700814,0.028088466823101028,0.0375167240699131,-0.13165289113918943,-0.10824872801701213,-0.016079251716534387,0.009847870220740665,0.002241411308447535,0.00042884250481933783,-0.12144354855020834,0.008250922958056073
E01015563,-0.028099697579940203,-0.020550141731897915,0.004626247535149286,-0.02795921415090567,-0.17581921567519507,-0.03496209134658179,-0.00032066951195404886,-0.07373442103465415,-0.0019440387686093057,-0.002799616257349665,-0.011335398256778761,0.009503351648648758,0.03629963000615429,-0.009934074680010507,0.025109113007783918,-0.00972648262977597,0.01032178799311323,-0.23925600300232572,-0.1541631380716959,-0.02638045052687321,0.013926457117001245,0.0010538898408412785,0.0013390742242336273,-0.23379394064346956,-0.006213606397310907
E01015564,0.022769440710544615,0.1004203883310159,0.0004540661970774777,-0.015800972779591804,0.4414865682522456,0.14914753635724395,0.04215734352668132,0.18239962458610534,0.0034024998545645335,-0.0063864151636759585,0.22427182843287782,0.013140570123990095,0.06818182493249576,0.007307263463735743,-0.03206711312135065,0.16705512404441838,0.05642643570899956,0.11410632431507113,0.165474258363247,-0.027061081429322325,-0.004542602598667307,-0.0027530327439307576,0.0064021696647009,0.25415218447645493,0.12006315489610042
E01015565,-0.009495519598325064,-0.008568811664978618,0.000477277239163761,-0.017204085240761408,-0.20262224723895383,-0.021572104096412675,-0.004451115429401427,0.03161708687742556,-0.003037525713443845,-0.004882811506589239,-0.01675409053762748,0.004235742489496837,0.023324603339036337,-0.01381916329264632,0.019750598073005648,-0.005633609990278954,0.018857686221599446,-0.09556851585706065,-0.06935558592279745,-0.025604344159364672,-0.013871650149424855,0.0006410812338193406,-0.00045230239629745483,-0.06317696919043869,0.005157921711603786
E01015566,-0.074960352977117,-0.08459345201651258,-0.005999937653541639,-0.017327577869097333,-0.20456105644504233,0.04189915085832285,-0.00685235237081853,0.019113702078660255,-0.0046622713406880845,-0.004710667828718836,0.008744134505589715,0.007637284199396799,0.01299273918072393,-0.0007888153195380424,0.0027276314795017242,-0.018112358450889692,0.015361586213111863,-0.1382690434654552,-0.10996606200933463,-0.010105251769224758,-0.0076164906223614715,-0.0185467888911565,-0.0015451182921727054,0.021486965070168267,-0.024834335098663878
E01015567,-0.04055742199222245,-0.03317578683296851,-0.02014666597048446,-0.004588846613963489,0.34749351243178056,0.03536461194356281,0.002643002072970043,0.12904412994782125,-0.011289812624454498,-0.0022759536902109043,0.012758923570315014,0.0013454864422480413,-0.026460873087247243,0.007715138792991756,-0.020923441648483216,0.01151281396547943,0.023108036816120132,0.020039833585421274,0.035102722545464905,-0.06291850755612056,-0.024506011108557397,-0.032185034950574266,-0.07522039711475359,0.1134934470057487,0.011656330029169734
E01015568,0.3030109748244285,0.27697875152031565,0.03103122562170002,-0.011693641046682801,0.4526829322179162,0.05394212355216347,0.014144827922184891,0.14995953887701022,0.004779138167699297,0.09056776364644377,0.03594212929407751,0.006722499926884895,-0.011042741934458386,0.009589806199073717,-0.1260382684568564,0.05656922608613968,-0.0007917324701944839,0.533553999165694,0.38420635213454585,0.005587974190712108,-0.021709104379018074,-0.006386678914229209,0.006032744546731343,0.5962773809830346,0.030448063959678178
E01015569,0.07060102298855779,0.03757087836662931,-0.12399255186319362,0.027192054192225184,0.46114595731099456,-0.12737509533762936,-0.04095181475083017,0.17989775091409688,-0.0009420489271481832,-0.012643145521481935,-0.01455118358135247,-0.04874353806177786,-0.18681295762459427,-0.0038745075464248955,-0.13149587561686818,0.0011791403094926582,-0.008557533721129218,0.2581993103027344,-0.02728111843268081,-0.0385691588123637,-0.012183905641237835,-0.007839389642079642,-0.010246525704860584,0.12052799214919412,-0.012331406772136733
E01015570,-0.06394812663396188,-0.022503521293401718,-0.017728275060653702,0.029653775195280712,0.4521217912435531,0.003944641600052516,-0.03804714729388555,0.06236925870180121,-0.003488338987032676,-0.012613563239574374,-0.03115128924449288,0.003170333305994699,-0.04627395421266548,0.0009362826744714337,0.043321548153956835,0.006109698861837358,0.05153497929374384,-0.21407745331525807,-0.12273844728867211,-0.045596178621053696,0.04428455481926593,-0.004841832319895471,-0.007705931365489915,-0.23889795839786512,0.03539045105377836
E01015571,-0.12690940027435627,-0.04435210376977924,-0.012092245121797,0.021533907453219037,0.27810521175463987,0.04534225712219871,-0.032354611655076436,-0.16754444266359014,0.0010348024467628687,-0.0013814998169740338,-0.018601092696189776,-0.010424790779749523,-0.014134295781453496,-0.006240533788998877,0.051232098042965024,-0.012597701201836342,0.012819357961416126,-0.3206302007039388,-0.15337080980340626,-0.03790663331747054,0.006489191452662135,-0.0009638197720050664,0.008750625948111304,-0.4313527132074038,-0.00027194321155543655
E01015572,0.0031306952238083032,-0.010377114017804537,0.0009030433992545106,0.012070641169945384,-0.10469547659158714,-0.03771988153457643,-0.025451028843720636,-0.13519366184870396,0.008372129499912248,0.0025255603094895087,-0.03137150257825853,-0.024313441663980456,-0.0327193826436997,-0.004294250160455704,0.05477152864138287,-0.01569399461150171,0.02372835204005234,-0.16149905199805895,-0.09158060948053996,0.028507408996423084,0.002666605015595828,0.0070504883925120625,-0.005515263974666507,-0.22114311655362454,0.012764026224613293
E01015573,-0.01034216905633604,-0.02184553643067681,-0.0027414895594118547,0.013196506102879813,-0.14921459356943786,0.01541345467170078,-0.02663994555672004,0.04639589587847396,-0.002915294965108265,-0.007246823112169916,0.021304897964000775,-0.02565276498595866,-0.05411208570003508,-0.00894001747171099,-0.035202437142531164,0.00483126441637675,7.298986117043604e-05,0.20358786533276244,0.10022492855787284,-0.013984557986259416,-0.013459535439809045,-0.0009954944252967834,-0.004139920075734382,0.3383175442616144,-0.005303615083297093
E01015574,-0.039965029060840505,-0.06453110327323275,-0.017750950157642425,-0.012270570794741328,0.09171580771605159,-0.029816007614135758,-0.009417032202084933,-0.011573149760564153,-0.0010885819792747498,-0.027091218779484432,-0.0017287756005922954,0.013726368298133155,0.01294873108466447,-0.04817794238527617,0.0429956515630087,-0.04397878125309947,0.030945607523123513,-0.0836978480219841,-0.06891518781582517,0.042880406975746244,0.005359745025634706,-0.0042029269039630295,-0.03936877722541484,-0.047723013907670975,0.010118578126033265
E01015575,-0.01819859569271391,-0.01120919957757005,0.09024708966414134,0.07711193114519126,-0.1145375033219654,0.05062725593646363,-0.01767576237519582,0.12842312181989354,0.010189018398523375,-0.001595274110635166,-0.017663797487815176,-0.024764632185300266,-0.04381976500153558,0.022155784567197134,0.024644854168097252,-0.003917814294497261,0.014653812348842665,-0.06401244203249612,-0.006857010722160384,-0.000886670251687279,-0.008374471465746547,-0.005952921013037275,-0.002159955600897471,-0.11340200404326121,0.03927956869204826
E01015576,0.039455816646416876,-0.04583460986614233,0.08263517866532018,-0.00024056732654561172,0.13617565532525377,0.06282451550165817,0.00879629577199618,-0.013017089416583453,0.08031155218680704,0.007398586223522778,-0.0036678781112034673,-0.0011904135346413696,0.01963528543710713,-0.004774631063143427,0.027499694128831315,0.11042925541599602,0.02869954655567808,-0.0040564075112342985,-0.019694653650124943,0.01610929543773317,-0.011955655117829625,0.0015425051252047073,0.21603803038597116,0.10700897127389915,0.0792874457935493
E01015578,0.18042334963878,0.0918116634090742,0.019184016684691052,0.004984386761983132,0.11823633313179016,0.07484841669599218,0.004027814666430096,0.0962964594364167,-0.0006415829062462001,0.018322186668713842,0.06233926663796104,0.03551622231801358,-0.002063354601462638,0.016272814571857513,-0.15112369209527943,0.021722264091173837,-0.005357779562473371,0.4334240615367892,0.4187791347503664,0.0052064567804335216,-0.013748898108800311,-0.0034668634335202064,0.002099963029225623,0.5851303314169248,0.009818122784296538
E01015579,-0.025253195067246697,-0.023293854296207412,-0.0156746596097946,0.015209001054366475,0.04954478889703743,0.03596316004792843,0.001488234102725879,0.08726715594530103,0.011132830381393491,0.004697523266076938,0.016678812603155773,0.00020924086372057596,-0.032347897191842424,0.032017562786738285,0.05711350391308464,-0.04546080480019247,0.024442122379938775,-0.14112684080998097,-0.07845133095979688,0.034930861989657114,0.0009623999396959348,0.015148949126402522,-0.0034162258108456633,-0.016754982123772317,-0.0018470269938310284
E01015580,-0.06441320578257244,-0.03610978225866949,-0.0025397380193074395,0.018984659016132444,-0.02596833507219946,0.018371737251679177,-0.01875007525086403,-0.12018334493041023,0.006628970305124844,-0.007612925767898589,0.002740559230248222,-0.0011243939399719534,-0.002676370739936873,0.013142245014508594,0.03952345227201781,-0.01860634063680977,0.002297496795654238,-0.32862652291854216,-0.1487366934617361,0.04980913450320553,0.019496454298496335,0.017251400897900265,0.015125318864981363,-0.29291872307658195,-0.0022534022728602685
E01015581,0.11763701165715856,0.1202428102493287,0.06635449851552659,0.008351999521255538,0.1367665941516559,-0.1177829821904502,-0.0006789607306321906,0.12285037438074764,-0.0073605145017305125,0.01164914021889385,0.008175187806288417,0.012103805442651291,0.010198753575484165,0.0030303999781606805,-0.13544173116485303,0.0383855313062668,-0.02118630210558588,0.7199835340181986,0.38324097891648606,0.024580734471480126,-0.003909028321504786,0.006988501300414433,-0.00181378076473863,0.7002146149675049,0.004358538488547022
E01015582,0.06413817256689065,0.008358208338419862,0.01890883843104052,-0.009247989704211848,0.10823980073134105,0.11701487054427477,0.024542793631553577,0.08949707349141467,-0.0010481754938760357,0.010441783070564314,0.022990865012009715,0.011222007373968909,0.006589064498742377,0.03482120037078884,-0.12959406226873416,0.047387178242206396,-0.02313650449117029,0.2862198223670323,0.19068072239557896,-0.02949625601371131,-0.021226305762926945,0.05055718769629802,0.001055091867844249,0.4895382518569629,0.010292036334673535
E01015584,-0.19418670038382202,-0.15147275129954027,-0.017838470637798382,-0.11928773522377001,-0.10925309111674626,0.04699620107809702,-0.12306676407655075,0.09334017733732843,-0.00329547127087911,-0.008992958565553044,-0.17372114260991411,-0.03245036999384565,-0.08639582494894664,-0.013102766374746944,-0.006217821687459916,-0.016061451782782843,0.007723238815863898,0.09070085113247243,0.029895224918921864,0.0023891632755597136,-0.014493099848429392,-0.032274228831132255,-0.0024496016403039444,0.2540796394149463,-0.00796548972527189
E01015585,0.025598975519339096,0.02748632505536075,-0.0022354225317636387,-0.0053854331374167215,-0.09549052417278281,-0.0012433494130772438,-0.018938069045543553,0.14092657119035726,-0.002917530635992538,0.014514301717281372,0.029069693883260046,-0.01780231619874632,0.027926514049371038,-0.00032249192396816007,-0.11403890699148185,0.04887928714354831,-0.045696718990802854,0.29164835760990776,0.26958133876323703,-0.013473069171110685,-0.013139799237251356,-0.013542437553405525,-0.004866474370161855,0.6175970628857613,-0.0038798371950784873
E01015586,-0.11840948313474649,-0.050175034503142125,-0.01263172278801609,0.003398868938287114,-0.10149071911970764,0.025102841854095354,-0.0058629512786865234,0.0030867380400498856,-0.0002971659104028153,-0.004566450168689062,-0.03756260921557734,-0.01685402890046439,-0.002921909590562155,-0.017320524404446314,0.014067809283733487,-0.0029307747880618074,-0.009296372532844396,-0.18035598198572797,-0.11388930653532355,-0.027140860756238228,0.006407654285430775,-0.002020842333634828,-0.00999626542131112,-0.3285809944073359,-0.002665277073780503
E01015587,0.05911186486482619,0.04889007161060969,-0.02007833992441495,0.0050668373703955565,-0.0900430197517077,-0.09156289547681802,-0.037266104171673455,0.12232350856065755,-0.0011332303285599792,-0.019757712384065096,-0.0028061076998708856,-0.01641943653424575,-0.01028662274281178,-0.023812446991602565,-0.1357576921582222,0.02442821562290202,-0.01752536545197166,0.09884173249204949,0.04289190967877706,-0.023173411687215244,-0.005289799471696203,0.001558253665765082,-0.004502817988395691,0.2026993205149968,0.006108046323060945
E01015588,0.032379070421059954,0.008746568858623535,-0.002144115666548411,-0.008529793967803364,-0.08486493031183888,-0.06382792914907139,0.022642814616362267,0.028784866382678482,0.006041171898444479,-0.00670356551806132,0.006332295387983337,0.017694676419099203,0.051544232666492405,-0.005010186632474249,-0.02397741029659913,0.04143835554520292,-0.006939707448085253,-0.1260223343968391,-0.09961392233769091,-0.001597838103771121,0.020168959846099305,0.0034176143507161547,0.007402794808149353,-0.30192224085330954,0.0006060657401879185
E01032700,-0.1265086849530538,-0.06345645934343347,-0.017643110950787744,-0.019492011765639045,-0.17844714025656386,0.036302242924769766,-0.02598299483458207,-0.2642315107087294,-0.009946257372697165,-0.016915520032246906,0.02608958830436081,0.0007440720995266492,-0.023316914339860384,-0.0006105964382488634,-0.0026917067666848795,-0.03939976692199706,-6.063530842463176e-06,-0.014688957730929042,-0.020769558846950458,-0.01563175221284241,-0.017260958502689865,-0.0342500634491442,0.004890210429827402,-0.1236088911692302,-0.01099158624807998
E01032701,-0.12552244986097025,-0.05127583692471186,-0.005254953106244316,-0.012143926322460011,-0.15168110479911157,0.05243447571992873,0.007164342204729761,-0.02242256949345271,-0.006943248709042837,-0.003407200922568595,-0.008473781247933779,-0.001352168619632869,-0.004240738352139672,-0.007433033982912729,0.02162469103932378,-0.0051307325561842365,0.011859841644763947,-0.1678509607911111,-0.1354377269744873,-0.01977739433447523,-0.005732272068659376,-0.0008951341112456065,0.005528488010168253,-0.2133782391746839,0.007572962840398286
E01032702,-0.06066368594765659,-0.044399701058864594,0.034000018735726854,0.008555840204159523,-0.14934617479642243,0.0489661316076914,0.006514663994312257,-0.07215624079108236,-0.0022509373724460455,0.04487381925185526,-0.003144378463427152,0.0027931024630865053,0.014762377987305323,-0.008423269291718846,0.04386868551373483,0.009848815699418312,0.011309996743996834,-0.22585661212603245,-0.06346692641576124,-0.013861013948917478,-0.003573223948478773,0.004592285553614313,0.004670067628224676,-0.3213312126696109,0.0006840455035368453
E01032703,-0.08671813383698461,-0.04910168002049131,-0.04843519851565362,-0.016379304478565837,-0.1793360809485117,0.04810137674212441,-0.0013349319497745575,0.03101487110058458,-0.011948448667923625,-0.005274379253387362,-0.00013867591818169286,0.008295960227648447,0.003208228697379504,-0.0009003890057405576,0.02244595736265187,-0.02016296212871878,0.013237400352954806,-0.21894655078649525,-0.1292203505833943,-0.02012010067701338,-0.07013132373491926,-0.04672164320945741,0.002887051304181506,-0.1742354782919088,-0.04173457821210221
E01032704,-0.017134614537159514,-0.023167647421360016,-0.005461425085862448,-0.0042394042015074795,-0.18839216257135072,0.0108408709367116,-0.0037691911061604375,-0.021491588652133926,-0.0008463377753892646,-0.0014286691943805607,0.033780467510223344,0.015709303319454193,0.00552474310000739,0.01870172172784801,0.02805775701999654,0.0044535398483277104,0.011337058742841041,-0.16835108896096548,-0.0954613695542017,-0.016178642213344602,-0.006564083943764398,0.0071469381451606155,0.0036874984701475246,-0.1776989902059236,0.008373807122310062
E01032705,-0.003131879121065125,-0.016449532409508933,-0.006783837080001816,-0.015118909130493815,-0.13621619070569677,-0.0009852598110834758,-0.0009299757579962117,-0.16542735844850545,-0.0012612620989480572,0.0002693591018517368,0.012242514143387506,0.014524661501248648,0.02022816265622766,-0.0021865432461101917,0.036258501311143165,-0.015147206932306275,-0.006626847386360213,-0.26647723689675334,-0.17197610760728513,0.044918291270732956,-0.0017738034327825503,-0.001308089494705141,0.0035803660750389397,-0.3552897393703461,-0.0493378361066182
E01032706,-0.09798103074232738,-0.038858373959859284,-0.00897314449151354,-0.021335033575693736,-0.07542256414890287,0.01950984398523962,0.04215646684169768,-0.13830666268865258,-0.005134122570355615,0.0007198452949524666,0.01452368224660557,0.013314391175905863,0.008448160191377063,0.012001546223958437,0.013711279133955681,-0.008938901623090079,0.0021490603685378287,-0.17038721591234215,-0.10937168399492903,-0.027575981120268416,0.0028877854347229004,-0.00036362310250600177,0.000534312427043826,-0.3775423392653466,-0.022397739191850025
E01032707,-0.05512930651505776,-0.0484410012761752,-0.007015136877695616,-0.023858739932378192,-0.1417219852407774,0.0679280201594034,0.02962348312139514,0.10429937243461596,0.0007960942884286393,-0.005979715784390753,0.02609967738389966,0.0370887438456217,0.042450214425722756,-0.009569918364286334,-0.05480984350045522,0.018022564798593505,-0.04551955113808311,0.17586227506399163,0.09487487475077312,-0.0252488993108273,-0.014806602150201723,0.0010791068275770588,0.0011039296785989954,0.28454319437344866,0.0021912318964799984
E01032708,-0.11909232089916848,-0.004248472551504623,0.02444920167326921,-0.03032228052616115,0.12244506627321232,0.05746571123600012,0.07715400308370575,0.09612849901119865,-0.004339694480101371,-0.004173343380292183,0.03827909082174304,-0.15141834616661054,-0.008972753087679605,0.002613541483878971,-0.10816516975561748,0.026171536246935394,-0.012197562555472219,0.5478652467330297,0.2513223032156628,-0.003469781825939785,-0.0089953725536663,-0.016419823467731593,-0.06288498342037219,0.4040015081564587,-0.0031262780229250886
E01032709,0.006283729026714886,-0.014209562291701708,-0.010351412743330032,-0.012511375546455353,-0.12470918322602897,0.0012596252063910018,0.002371021608511622,-0.1715852526326974,0.0036343331138293986,0.0075542179246744405,0.004281157255172789,0.007696381459633361,0.0059794982274374115,-0.006573414802551285,0.03491628418366107,-0.0329655185341835,0.006518335640430435,-0.21954592938224474,-0.17170257717370996,-0.015840671956539154,0.03613028849164649,-0.0002490339179832546,0.0004562849799791824,-0.38145431354641907,0.005596226453781068
E01032710,0.06100574259956678,0.03453477074702582,0.00760140568017964,-0.02378992835680645,-0.23159019599358244,0.08781897425651564,0.02110241428017612,0.14365411450465526,0.02232996970415117,0.008189549545447003,0.005410741766293858,0.02495526547233262,0.019946652650833174,-0.0010774148007234678,-0.01727024813493087,0.01128075867891313,0.004809267322222421,0.38491810262203213,0.2911495486895242,0.03707776516675961,0.010712858289480284,-0.0017981886863709384,-9.920969605444381e-05,0.2828073546290397,0.0040112465620042075
E01032711,-0.06808780630429585,-0.03325415303309757,-0.016567353904247312,-0.010968129833539342,-0.13191946968436233,0.003861358761787429,-0.0009036660194396973,-0.0791445021828016,0.0035709942380586224,0.0028424407045047526,0.01811555549502371,0.008104056119918823,-0.009090867390235235,0.022277041773001383,0.036633137861887675,-0.024466452002525358,0.00964383135239292,-0.20085232878724732,-0.14123007754484806,-0.021265174945195604,-0.0011616920431454976,0.007621982445319642,0.011281444132327975,-0.2637982040643692,0.0037435186405975576
E01032712,-0.040865068385998495,-0.039686855673789934,-0.008012737582127208,-0.02391803661982232,-0.2618906577428182,0.03824031154314681,-0.00408599674701704,-0.07944799909989042,-0.010813259581724743,-0.0006205792228379062,0.06260694017012931,0.029126397768656515,-0.008657965560753933,0.009717817107836405,0.029836253821849734,-0.017379400630792057,0.025037499268849572,0.012994408110777492,-0.004417834679285804,0.007822640240192488,-0.015578783055146594,-0.0008167336384456251,-0.00650881032148994,0.13246945937474583,0.001434879998365964
E01032713,-0.06300684859355295,-0.05113609333833069,-0.02297571823000899,-0.007412978510061841,-0.25853906298677126,0.06038556545972806,-0.01813657705982526,0.11327756841977436,-0.00912204782168069,-0.011323153475920314,0.043454685807228076,0.014017239461342626,0.009004065394401536,0.01722058653831497,-0.037256546815236304,0.0011801960567632275,-0.0004110589623450937,0.07895613089203828,0.047910245259602746,-0.02559035470088326,-0.02644468943277989,-0.013690373798211327,-0.006598448505004202,0.05891128554940236,0.001978826522827104
E01032714,0.14826332430044808,0.07364749709765113,0.004222990075747113,-0.05897067189216609,-0.20900845055778827,-0.036193719009558256,0.04699053217967367,0.1054697349667549,-0.025953213373819988,0.017002206047375863,0.004266877969105964,-0.016740254312753573,0.011762441198030974,-0.023071546355883044,-0.09168493797381723,0.0231578618288039,-0.027023303012053024,0.47595696275432914,0.433039383093516,0.02255560954411817,-0.055709251761436374,0.0013911349078019608,-0.007456507285436009,0.7966606780886649,0.00276487519343697
E01032715,0.17291469176610316,0.024126211802164715,0.03356353541215262,-0.015156332155068656,-0.1891855001449585,-0.05608787586291619,0.036358369886875096,0.15153745015462228,-0.0012272973855337692,0.013319782912731393,-0.023459714154402327,0.003095530470212345,0.003316801041364744,-0.02975800956288969,-0.10069776723782227,0.03597154468297966,-0.03203110446532579,0.21281930878758426,0.1683388985693454,-0.007062166929244921,-0.016396304965019093,0.009348528583844237,-0.009068302561839362,0.4213996119797228,0.008778583506743173
E01032716,0.19996074736118316,0.11011549631754532,0.035258748630682714,0.009008841713269359,0.1314803270002208,-0.03798838555812815,-0.00047371387481690935,0.1215228433410327,0.0021828750769296392,0.010983829448620345,0.02533348351717013,0.0042932887872058805,-0.022822184860706196,0.00040278633435586464,-0.1473114391167961,0.033490680903196436,-0.026289939383665677,0.4098168119788171,0.2831802770495416,-0.00465036580959947,-0.01168864220380783,0.0016496772567429947,-0.0002552561461927431,0.5183046152194343,0.0038597956299781058
E01033841,0.14663278112808853,0.05433012296756116,0.13915705208977078,0.007951683054367923,0.5956914325555164,-0.004856299112240503,0.1701849664251011,0.16257084558407472,0.004211798310280068,0.0018790120879810246,0.004448785881201456,0.01770940025647468,0.04081525007883724,0.03568983922402066,0.09996164739131912,-0.0024461383620898816,0.032527426878611244,0.006949438154697581,0.10479245657722151,0.08649006957809131,0.11653121163447677,0.12197511022289594,0.0210220267375311,0.1867148737112679,0.12734547704458232
E01033843,0.23540186037619923,0.0784926310181618,0.48546756803989416,-0.003272745013237044,0.5262440865238508,-0.09996589074532203,0.453175802777211,0.1023594801624615,0.01608138158917427,0.07123139947652819,-0.004829352100690206,0.027766484022140474,0.07242133989930151,-0.008891417582829705,0.24602450206875792,0.031349971890449524,0.25404410511255265,-0.16072751631339388,-0.05594428032636648,-0.03246416250864659,0.03140262514352813,0.23852279384930916,0.03604662418365471,-0.05766740441322341,0.010054008662700786
E01033845,0.20823397388060885,-0.14649398674567538,-0.17936590388417217,-0.2292747830351194,-0.06101146365205438,-0.2458779700100421,0.008366013566652711,0.08537768820921587,-0.0036156157652538954,-0.028931705653667466,0.005187419305245096,-0.04230970690647758,-0.05851809481779724,-0.013180519640445754,-0.07842879792054491,0.04151612917582207,-0.250203968087832,0.5077991132934887,0.4190186843276023,0.02491601010163628,-0.07660814672708523,-0.003963005542755305,-0.18663322354356437,0.6980500280857088,-0.05978673870364837
E01033846,0.1274746067821979,0.10044096509615574,-0.0334364483753841,0.005769155671199178,-0.05185148318608598,-0.11489913960297889,-0.01464248200257634,-0.001055633028348213,-0.009513057519992133,0.002001053591569324,-0.0052228229741255,-0.014383020251989231,-0.0484226755797863,-0.013779090841611255,0.02490795577565826,-0.029988477875788917,0.012099797526995268,-0.030707563956578515,-0.037006751696268735,-0.014348890880743648,-0.009252500037352304,-0.03204964324831949,-0.022790088504552813,-0.009262450536092167,0.006475377579530021
E01033847,0.025049870957930764,-0.0007916860282422,-0.006498879939317674,-0.045591917882362866,-0.07466395745674774,0.051943050821622316,0.03417832603057221,0.025216171145439132,0.00119658509890234,0.007781648635864391,-0.007453621178865462,0.015588305642207553,0.033702476322651144,-0.025822641452153332,0.026610290755828252,-0.01544716854890201,0.006433321287234432,0.36006830632686637,0.2484801813960075,0.027743944029013257,0.02003586441278434,5.983958641671746e-05,0.001215932269891103,0.4106593256195386,0.01023010611534129
E01033848,0.02468217660983411,-0.005522041519482841,0.002296487738688846,-0.003558447211980731,-0.06201772193113945,-0.03773371229569119,0.030345667153596805,0.05855429122845327,0.006091814736525203,0.004806314408779174,0.04150119324525189,0.01847801680366194,0.10300649131337813,0.015156125028928122,-0.03556833465894068,0.11629181255896892,0.11680107663075123,0.1258841509620349,-0.016708356638749516,-0.01772461185852688,0.1282911958793799,0.0022218599915505197,0.10164302289485934,0.08580581247806547,0.008680125574270706
E01033849,0.06739984005689625,0.021202485263347743,-0.014111785093943174,-0.016776389877001474,-0.08934095303217567,-0.08886058678229662,-0.01458607986569412,0.003722085555394624,-0.002053067584832554,-0.008637121816476245,0.04928709914286925,0.02027010768651964,0.006956738233566388,-0.00438776115576441,0.02577326844135926,-0.0258772114912668,0.0034384548664093315,-0.16889378229777022,-0.09813844586412108,0.0012258037924766096,-0.007950268685817644,0.002814756830533375,0.0027030636866886373,-0.11814344227313993,0.005838599801063567
E01033850,0.022340605159600752,0.03991194218397146,-0.05045588165521616,-0.07738169779380162,-0.10007663915554683,-0.0767188747723897,0.030173660814762027,0.13270812705159188,-0.00045308992266653486,0.005992537240187297,0.011261353393395698,0.023938302695751073,0.02713715955615033,-0.1143693332870801,-0.08407341366012888,0.019606653352578496,-0.015126566092173185,-0.14929396311442056,-0.07842172905802729,-0.04155556882421182,0.011268879969914769,0.000798581540584653,0.004599404831727272,0.10168299674987795,-0.018299113214015932
E01033860,0.02179109801848722,-0.00595588410894073,-0.025069109102090332,0.00010424852371208419,-0.18179143865903216,-0.05453196018934251,-0.005442484716574381,0.08958675613005969,-0.03601893658439318,-0.02036801452438038,0.025464601318041364,0.014114246765772517,0.006696037451426144,0.006744494040807088,-0.034834773838519885,-0.025036362310250526,0.0010817999641100269,-0.07166007757186892,-0.07909794648488362,-0.02197688370943059,-0.005062446494897177,0.001831903556982854,-0.03459507251779237,0.008721925814946463,0.011369562645753136
E01033861,0.0026672005653380904,0.0006968473394710628,-0.013912606736024236,-0.024628856281439553,-0.19704225758711483,-0.040546293556690184,-0.018235154201586983,0.07654403348763794,-0.07606220245361321,-0.0023670494556427,0.03003014723459881,0.01570046792427678,0.0343042626976966,-0.07769740521907798,0.00705776711304984,-0.003692150115966797,0.0034870525201161997,0.15923969099919,-0.004065940280755316,-0.004401032129923414,-0.009957111378510852,-0.0978905640542506,-0.08339233994483952,0.20743058323860172,0.00811847746372226
